country,year_1914,year_1915,year_1916,year_1917,year_1918,year_1919,year_1920,year_1921,year_1922,year_1923,year_1924,year_1925,year_1926,year_1927,year_1928,year_1929,year_1930,year_1931,year_1932,year_1933,year_1934,year_1935,year_1936,year_1937,year_1938,year_1939,year_1940,year_1941,year_1942,year_1943,year_1944,year_1945,year_1946,year_1947,year_1948,year_1949,year_1950,year_1951,year_1952,year_1953,year_1954,year_1955
Afghanistan,27.04288,27.03263333,27.02238667,27.012140000000002,7.04506271,26.99164667,26.9814,26.97115333,26.96090667,26.95066,26.94041333,26.93016667,26.91992,26.90967333,26.89942667,26.88918,26.87893333,26.86868667,26.85844,26.84819333,26.83794667,26.8277,26.81745333,26.80720667,26.79696,26.78671333,26.77646667,26.76622,26.75597333,26.74572667,26.73548,26.72523333,26.71498667,26.70474,26.69449333,26.68424667,26.674,26.932,27.448,27.964000000000002,28.48,28.995
Albania,35.4,35.4,35.4,35.4,19.42793192,35.4,35.4,35.4,35.4,35.4,35.4,35.4,35.4,35.4,35.4,35.4,36.29480952,37.18961905,38.08442857,38.979238099999996,39.87404762,40.76885714,41.66366667,42.55847619,43.45328571,43.0,42.0,41.5,40.0,37.0,34.0,47.0,50.0,51.50657143,52.40138095,53.29619048,54.191,54.398999999999994,54.876000000000005,55.471000000000004,56.184,57.012
Algeria,29.1606,28.6572,28.28783692,28.28783692,22.05666781,28.28783692,27.5,27.5,27.215999999999998,29.624000000000002,30.968000000000004,31.64,30.968000000000004,26.488000000000003,29.791999999999998,29.96,31.136,29.176,30.397,31.521,30.935,32.596,33.696,31.919,31.296999999999997,33.36,33.72,32.09424196,31.45652951,27.18079998,32.09424196,30.0,32.0,35.0,37.8,39.9445,42.089,42.283,42.678000000000004,43.081,43.493,43.913999999999994
American Samoa,,,,,,,,,,,,,,,,,,,,,,,,,,,,,,,,,,,,,,,,,,
Andorra,,,,,,,,,,,,,,,,,,,,,,,,,,,,,,,,,,,,,,,,,,
Angola,26.98,26.98,26.98,26.98,10.43427281,26.98,26.98,26.98,26.98,26.98,26.98,26.98,26.98,26.98,26.98,26.98,26.98,26.98,26.98,26.98,26.98,26.98,26.98,26.98,26.98,26.98,26.98,27.2029,27.4258,27.6487,27.8716,28.0945,28.3174,28.5403,28.7632,28.9861,29.209,29.406999999999996,29.804000000000002,30.201,30.599,30.997
Anguilla,,,,,,,,,,,,,,,,,,,,,,,,,,,,,,,,,,,,,,,,,,
Antigua and Barbuda,33.536,33.536,33.536,33.536,21.750121300000004,33.536,33.536,33.536,34.36358621,35.19117241,36.01875862,36.84634483,37.67393103,38.50151724,39.32910345,40.15668966,40.98427586,41.81186207,42.63944828,43.46703448,44.29462069,45.122206899999995,45.9497931,46.77737931,47.60496552,48.43255172,49.26013793,50.08772414,50.91531034,51.74289655,52.57048276,53.39806897,54.22565517,55.05324138,55.88082759,56.70841379,57.536,57.786,58.284,58.778999999999996,59.271,59.75899999999999
Argentina,45.66,46.2,47.0,47.8,41.76362058,49.4,50.2,50.68,51.16,51.64,52.12,52.6,52.94,53.28,53.62,53.96,54.3,54.3,54.3,54.3,54.3,54.3,55.26,56.22,57.18,58.14,59.1,59.68,60.26,60.84,61.42,62.0,61.8836,61.7672,61.6508,61.5344,61.418,61.728,62.32,62.855,63.331,63.748999999999995
Armenia,39.195,38.795,38.795,35.795,27.0,37.0,28.0,38.0,39.0,39.865,42.365,41.465,44.665,44.00038814,45.50837427,44.26585797,43.58385174,42.0,39.5,33.0,45.94662426,47.50397279,49.17307428,48.18166569,49.86628107,52.265,49.795,28.0,24.5,22.5,30.0,39.5,56.795,48.795,56.865,59.665,61.965,62.178000000000004,62.602,63.023999999999994,63.446000000000005,63.86600000000001
Aruba,34.419000000000004,34.419000000000004,34.419000000000004,34.419000000000004,22.32280013,34.419000000000004,34.419000000000004,34.419000000000004,35.24658621,36.07417241,36.90175862,37.72934483,38.55693103,39.38451724,40.21210345,41.03968966,41.86727586,42.69486207,43.52244828,44.35003448,45.17762069,46.0052069,46.8327931,47.66037931,48.48796552,49.31555172,50.14313793,50.97072414,51.79831034,52.62589655,53.45348276,54.28106897,55.10865517,55.93624138,56.76382759,57.59141379,58.419,58.961999999999996,60.01,60.98,61.873000000000005,62.687
Australia,57.3354902,57.86470588,58.39392157,58.92313725,54.80239165,59.98156863,60.51078431,61.04,62.89,61.73,62.53,63.22,62.94,62.91,62.96,63.15,64.96,65.39,65.69,65.52,64.88,65.15,65.27,65.83,65.87,65.82,66.26,66.14,65.88,66.4,68.03,68.46,67.98,68.59,68.51,69.13,69.02,68.72,69.12,69.7,69.85,70.17
Austria,46.8028,47.3704,47.938,48.5056,32.43309186,49.6408,50.2084,50.776,51.3436,51.9112,52.4788,53.0464,53.614,54.1816,54.7492,55.3168,55.8844,56.452,56.755625,57.05925,57.362875,57.6665,57.970125,58.27375,58.577375,58.1,57.8,56.5,54.1,50.2,39.1,31.4,56.0,61.31,63.24,63.43,64.88,65.26,66.8,67.29,67.32,67.6
Azerbaijan,34.365,33.965,33.965,30.965,22.0,32.0,30.0,33.0,34.0,35.035,37.535,36.635,39.835,39.17038814,40.67837427,39.43585797,38.75385174,37.0,34.5,27.0,41.11662426,42.67397279,44.34307428,43.35166569,45.03628107,47.435,44.965,30.3,26.8,24.8,32.0,42.0,51.965,43.965,52.035,54.835,57.135,57.342,57.754,58.166000000000004,58.576,58.985
Bahamas,35.179,35.179,35.179,35.179,22.81570602,35.179,35.179,35.179,36.00658621,36.83417241,37.66175862,38.48934483,39.31693103,40.14451724,40.97210345,41.79968966,42.62727586,43.45486207,44.28244828,45.11003448,45.93762069,46.765206899999995,47.5927931,48.42037931,49.24796552,50.07555172,50.90313793,51.73072414,52.55831034,53.38589655,54.21348276,55.04106897,55.86865517,56.69624138,57.52382759,58.35141379,59.178999999999995,59.395,59.824,60.242,60.648999999999994,61.047
Bahrain,30.3,30.3,30.3,30.3,25.11958228,30.3,30.3,30.3,30.3,30.3,30.3,30.3,30.3,30.3,30.3,30.3,30.3,30.3,30.3,30.3,30.3,30.3,31.02426667,31.74853333,32.4728,33.19706667,33.92133333,34.6456,35.36986667,36.09413333,36.8184,37.54266667,38.26693333,38.9912,39.71546667,40.43973333,41.163999999999994,41.583,42.458999999999996,43.406000000000006,44.425,45.515
Bangladesh,22.86,23.03,23.2,23.37,13.05215362,23.71,23.88,24.05,24.22,24.39,24.56,24.73,24.9,25.64753197,26.39506394,27.14259592,27.89012789,28.63765986,29.38519183,30.1327238,30.88025578,31.62778775,32.37531972,33.12285169,33.87038366,34.61791564,35.36544761,36.11297958,33.81359268,23.54752612,25.98982141,37.07593605,43.0,37.07593605,38.56872903,42.0,42.875,43.038000000000004,43.376000000000005,43.739,44.126999999999995,44.541000000000004
Barbados,32.124,32.124,32.124,32.124,20.83435403,32.124,32.124,32.124,32.95158621,33.77917241,34.60675862,35.43434483,36.26193103,37.08951724,37.91710345,38.74468966,39.57227586,40.39986207,41.22744828,42.05503448,42.88262069,43.710206899999996,44.5377931,45.36537931,46.19296552,47.02055172,47.84813793,48.67572414,49.50331034,50.33089655,51.15848276,51.98606897,52.81365517,53.64124138,54.46882759,55.29641379,56.123999999999995,56.4,56.95,57.49100000000001,58.023,58.547
Belarus,42.922,37.372,37.372,35.372,31.372,33.372,30.421999999999997,33.722,34.622,43.522,46.022,45.122,48.321999999999996,47.422,49.022,47.122,47.071999999999996,48.071999999999996,39.321999999999996,26.0,42.122,51.972,52.672,51.422,52.672,52.472,52.272,20.0,15.0,14.0,21.0,30.0,57.672,47.622,60.272,63.071999999999996,65.02199999999999,65.247,65.692,66.125,66.548,66.958
Belgium,42.0,40.0,42.0,43.0,34.9423694,49.86,53.66,54.75,55.15,56.77,57.51,57.16,56.97,57.2,57.53,55.07,57.17,58.51,58.59,58.76,60.42,60.01,60.01,60.0,60.15,60.01,55.96,58.95,59.2,60.39,56.94,58.39,61.92,63.46,64.98,65.48,66.35,66.8,68.0,68.37,68.63,68.58
Belize,28.75,29.3125,29.875,30.4375,26.90723923,31.5625,32.125,32.6875,33.25,33.8125,34.375,34.9375,35.5,36.0625,36.625,37.1875,37.75,38.3125,38.875,39.4375,40.0,40.925375,41.85075,42.776125,43.7015,44.626875,45.55225,46.477625,47.403,48.328375,49.25375,50.179125,51.1045,52.029875,52.95525,53.880625,54.806000000000004,55.086000000000006,55.644,56.196999999999996,56.745,57.288999999999994
Benin,31.0,31.0,31.0,31.0,11.98897173,31.0,31.0,31.0,31.0,31.0,31.0,31.0,31.0,31.0,31.0,31.0,31.0,31.0,31.0,31.0,31.0,31.0,31.0,31.0,31.0,31.0,31.0,31.0,31.0,31.0,31.0,31.28266667,31.56533333,31.848000000000003,32.13066667,32.41333333,32.696,32.955,33.467,33.971,34.465,34.949
Bermuda,,,,,,,,,,,,,,,,,,,,,,,,,,,,,,,,,,,,,,,,,,
Bhutan,28.799,28.799,28.799,28.799,18.45509833,28.799,28.799,28.799,28.799,28.799,28.799,28.799,28.799,28.799,28.799,28.799,28.799,28.799,28.799,28.799,28.799,28.799,28.799,28.799,28.799,28.799,28.799,28.799,28.799,28.799,28.799,28.799,28.799,28.799,28.799,28.799,28.799,28.975,29.331,29.694000000000003,30.064,30.441
Bolivia,33.0,33.0,33.0,33.0,29.17253042,33.0,33.0,33.0,33.0,33.0,33.0,33.0,33.0,33.0,33.0,33.0,33.0,33.0,33.0,33.0,33.0,33.0,33.0,33.0,33.0,33.0,33.0,33.6845,34.369,35.0535,35.738,36.4225,37.107,37.7915,38.476,39.1605,39.845,39.988,40.274,40.564,40.856,41.15
Bosnia and Herzegovina,35.1,35.1,35.1,35.1,19.26328843,35.1,35.1,35.64406667,36.18813333,36.7322,37.27626667,37.82033333,38.3644,38.90846667,39.45253333,39.9966,40.54066667,41.08473333,41.6288,42.17286667,42.71693333,43.261,43.80506667,44.34913333,44.8932,45.43726667,45.98133333,31.36507937,27.52380952,23.80952381,21.77777778,25.904761899999997,41.0,49.0,50.0,50.7,51.422,52.013000000000005,53.165,54.25899999999999,55.297,56.277
Botswana,33.6,33.6,33.6,33.6,10.9083229,33.6,33.6,33.6,33.6,33.6,33.6,33.6,33.6,33.6,33.6,33.6,33.6,33.6,33.6,33.6,33.6,33.6,33.6,33.6,33.6,33.6,33.6,33.6,33.6,33.6,33.6,33.6,36.2458,38.8916,41.5374,44.1832,46.82899999999999,47.037,47.451,47.863,48.273999999999994,48.684
Brazil,31.977959999999996,31.97776667,31.97757333,31.97738,26.97819043,31.97699333,31.9768,31.97912,31.981440000000003,31.983759999999997,31.986079999999998,31.9884,31.99072,31.99304,31.995359999999998,31.99768,32.0,32.464071999999994,32.928144,33.392216,33.856288,34.32036,34.784432,35.248504,35.712576,36.176648,36.64072,37.772576,38.904432,40.036288,41.168144,42.3,43.848,45.396,46.943999999999996,48.492,50.04,50.28,50.763000000000005,51.248000000000005,51.736999999999995,52.23
British Virgin Islands,,,,,,,,,,,,,,,,,,,,,,,,,,,,,,,,,,,,,,,,,,
Brunei,31.31015385,32.01353846,32.71692308,33.42030769,27.70640822,34.82707692,35.53046154,36.23384615,36.93723077,37.64061538,38.344,39.04738462,39.75076923,40.45415385,41.15753846,41.86092308,42.56430769,43.26769231,43.97107692,44.67446154,45.37784615,46.08123077,46.78461538,47.488,48.19138462,48.89476923,49.59815385,50.30153846,51.00492308,51.70830769,52.41169231,53.11507692,53.81846154,54.52184615,55.22523077,55.92861538,56.632,56.934,57.54,58.148,58.76,59.373000000000005
Bulgaria,43.95,44.02222222,44.09444444,44.16666667,33.71592767,44.31111111,44.38333333,44.45555556,44.52777778,44.6,44.83333333,45.06666667,45.3,46.05,46.8,47.55,48.3,48.8,49.3,49.8,50.3,50.8,51.3,51.8,52.028,52.256,52.483999999999995,52.711999999999996,52.0,51.5,50.0,52.0,53.6,54.08,55.79,57.92,61.39,60.63,59.6,64.14,64.4,64.81
Burkina Faso,29.2,29.2,29.2,29.2,11.29283788,29.2,29.2,29.2,29.2,29.2,29.2,29.2,29.2,29.2,29.2,29.2,29.2,29.2,29.2,29.2,29.2,29.2,29.2,29.2,29.2,29.2,29.2,29.2,29.2,29.2,29.2,29.2,29.3564,29.5128,29.6692,29.8256,29.982,30.224,30.706999999999997,31.184,31.658,32.126999999999995
Burundi,31.5,31.5,31.5,31.5,12.18234224,31.5,31.5,28.0,24.5,31.5,31.5,28.0,26.0,24.5,26.0,26.0,31.5,31.5,31.5,31.5,31.5,31.5,31.5,31.5,31.5,31.5,31.5,31.5,31.5,30.1,17.5,31.5,32.8852,34.2704,35.6556,37.0408,38.426,38.578,38.881,39.183,39.483000000000004,39.783
Cambodia,35.0,35.0,35.0,35.0,22.42884966,35.0,35.0,35.0,35.0,35.0,35.0,35.0,35.0,35.0,35.0,35.0,35.0,35.0,35.0,35.0,35.0,35.0,35.0,35.0,35.0,35.0,34.0,33.6,33.5,33.4,31.5,28.0,35.0,36.19475,37.3895,38.58425,39.779,39.912,40.161,40.376999999999995,40.56,40.711
Cameroon,28.75,28.75,28.75,28.75,5.661210662,28.75,28.75,28.75,28.75,28.75,28.75,28.75,28.75,28.75,28.75,28.75,28.75,28.75,28.75,28.75,28.75,28.75,28.75,28.75,28.75,28.75,28.75,28.75,28.75,28.75,28.75,28.75,30.5738,32.3976,34.2214,36.0452,37.869,38.029,38.358000000000004,38.703,39.065,39.444
Canada,53.863448,54.314384,54.765319999999996,55.21625600000001,47.16996724,56.118128000000006,56.569064000000004,57.02,57.02,57.02,58.83,59.31,57.99,58.68,58.57,57.97,58.95,60.36,61.43,62.36,62.77,62.49,62.72,61.35,63.31,63.74,64.01,63.76,64.7,64.61,65.35,66.33,66.53,66.78,67.33,67.65,68.28,68.55,68.75,69.13,69.99,70.05
Cape Verde,33.8,33.8,33.8,33.8,13.07184659,33.8,33.8,33.8,33.8,33.8,33.8,33.8,33.8,33.8,33.8,33.8,33.8,33.8,33.8,33.8,33.8,33.8,34.7334,35.6668,36.6002,37.5336,38.467,39.4004,40.3338,41.2672,42.2006,43.13399999999999,44.0674,45.0008,45.9342,46.8676,47.801,47.865,47.996,48.13,48.266000000000005,48.403999999999996
Cayman Islands,,,,,,,,,,,,,,,,,,,,,,,,,,,,,,,,,,,,,,,,,,
Central African Rep.,30.0,30.0,30.0,30.0,11.602230699999998,30.0,30.0,30.0,30.0,30.0,30.0,30.0,30.0,30.0,30.0,30.0,30.0,30.0,30.0,30.0,30.0,30.0,30.0,30.0,30.0,30.0,30.0,30.0,30.0,30.0,30.0,30.0,30.0,30.6525,31.305,31.9575,32.61,32.818000000000005,33.233000000000004,33.646,34.056999999999995,34.465
Chad,30.9,30.9,30.9,30.9,18.09718107,30.9,30.9,30.9,30.9,30.9,30.9,30.9,30.9,30.9,30.9,30.9,30.9,30.9,30.9,30.9,30.9,30.9,30.9,30.9,30.9,30.9,30.9,30.9,30.9,30.9,30.9,30.9,31.831,32.762,33.693000000000005,34.624,35.555,35.68,35.931999999999995,36.186,36.444,36.704
Channel Islands,,,,,,,,,,,,,,,,,,,,,,,,,,,,,,,,,,,,,68.516,68.714,69.09,69.425,69.72,69.97399999999999
Chile,32.02,32.08,32.14,32.2,28.27467288,31.96,31.84,31.72,31.6,32.68,33.76,34.84,35.92,37.0,37.34,37.68,38.02,38.36,38.7,38.78,38.86,38.94,39.02,39.1,40.08,41.06,42.04,43.02,44.0,44.78,45.56,46.34,47.12,47.9,50.04533333,52.19066667,54.336000000000006,54.445,54.669,54.909,55.162,55.431000000000004
China,32.0,32.0,32.0,32.0,22.40952077,32.0,32.0,32.0,32.0,32.0,32.0,32.0,32.36,25.65,33.08,29.85,33.8,34.2,34.6,35.0,35.4,35.8,36.2,34.0,33.86343174,34.11343174,34.36343174,34.0,32.0,29.0,35.0,37.0,38.5,39.6,40.1,40.6,41.58988,42.57976,43.56964,44.55952,46.4656,48.02216
Christmas Island,,,,,,,,,,,,,,,,,,,,,,,,,,,,,,,,,,,,,,,,,,
Cocos Island,,,,,,,,,,,,,,,,,,,,,,,,,,,,,,,,,,,,,,,,,,
Colombia,32.0,32.0,32.0,32.0,28.279749100000004,32.0,32.0,32.0,32.0,32.0,32.0,32.0,32.0,32.0,32.0,32.0,32.0,32.57515,33.1503,33.72545,34.3006,34.87575,35.4509,36.02605,36.6012,37.47673333,38.35226667,39.2278,40.10333333,40.97886667,41.8544,42.94283333,44.03126667,45.1197,46.20813333,47.29656667,48.385,48.989,50.157,51.246,52.256,53.187
Comoros,32.1,32.1,32.1,32.1,12.41438685,32.1,32.1,32.1,32.1,32.1,32.1,32.1,32.1,32.1,32.1,32.1,32.1,32.1,32.1,32.1,32.1,32.1,32.1,32.1,32.1,32.1,32.1,32.1,32.1,32.1,32.1,32.1,33.7,35.3,36.9,38.5,40.1,40.249,40.553000000000004,40.872,41.20399999999999,41.55
"Congo, Dem. Rep.",31.6,31.6,31.6,31.6,9.053551581,31.6,31.6,31.6,31.6,31.6,31.6,31.6,31.6,31.6,31.6,31.6,31.6,31.6,31.6,31.6,31.6,31.6,31.6,31.6,31.6,31.6,31.6,32.2742,32.9484,33.6226,34.2968,34.971,35.6452,36.3194,36.9936,37.6678,38.342,38.531,38.899,39.244,39.568000000000005,39.869
"Congo, Rep.",32.7,32.7,32.7,32.7,12.64643147,32.7,32.7,32.7,32.7,32.7,32.7,32.7,32.7,32.7,32.7,32.7,32.7,32.7,32.7,32.7,32.7,32.7,32.7,32.7,32.7,32.7,32.7,32.7,32.7,32.7,32.7,32.7,34.485,36.27,38.055,39.84,41.625,42.013000000000005,42.784,43.548,44.303999999999995,45.052
Cook Islands,,,,,,,,,,,,,,,,,,,,,,,,,,,,,,,,,,,,,,,,,,
Costa Rica,35.1,35.1,35.1,35.1,31.02896418,35.1,35.1,35.81,36.52,37.23,37.94,38.65,39.36,40.07,40.78,41.49,42.2,42.67,43.14,43.61,44.08,44.55,45.02,45.49,45.96,46.43,46.9,47.8214,48.7428,49.6642,50.5856,51.507,52.4284,53.3498,54.2712,55.1926,56.114,56.4,56.971000000000004,57.545,58.122,58.7
Cote d'Ivoire,31.156,31.156,31.156,31.156,12.04930333,31.156,31.156,31.156,31.156,31.156,31.156,31.156,31.156,31.156,31.156,31.156,31.156,31.156,31.156,31.156,31.156,31.156,31.156,31.156,31.156,31.156,31.156,31.156,31.156,31.156,31.156,31.156,31.156,31.156,31.156,31.156,31.156,31.384,31.858,32.371,32.921,33.51
Croatia,36.1,36.1,36.1,36.1,14.01809221,36.1,36.1,36.90503333,37.71006667,38.5151,39.32013333,40.12516667,40.9302,41.73523333,42.54026667,43.3453,44.15033333,44.95536667,45.7604,46.56543333,47.37046667,48.1755,48.98053333,49.78556667,50.5906,51.39563333,52.20066667,41.67247387,38.20557491,35.71428571,34.14634146,36.79442509,50.1,57.0,58.5,59.4,60.251000000000005,60.51,61.023999999999994,61.526,62.019,62.5
Cuba,36.076256,36.29048,36.5088,36.72712,23.81975534,37.163759999999996,37.38208,37.657696,37.933312,38.208928,38.484544,38.76016,39.307184,39.854208,40.401232,40.948256,41.49528,42.110528,42.725776,43.341024,43.956272,44.57152,45.151536,45.731552,46.311568,46.891584,47.4716,48.163472,48.855344,49.547216,50.239088,50.93096,52.389768,53.848576,55.307384,56.766192000000004,58.225,58.519,59.107,59.695,60.283,60.87
Cyprus,47.2176,47.464,47.56399999999999,47.663999999999994,26.15855782,47.864,47.964,48.06399999999999,48.163999999999994,48.263999999999996,48.364,48.464,48.464,48.464,48.464,48.464,48.464,48.464,48.464,48.464,48.464,48.464,48.464,48.464,49.29733333,50.13066667,50.964,51.79733333,52.63066667,53.464,55.23142857,56.99885714,58.76628571,60.53371429,62.30114286,64.06857143,65.836,66.066,66.518,66.956,67.378,67.786
Czech Rep.,46.56112,47.1232,47.68528,48.24736,35.74252339,49.371520000000004,49.9336,50.49568,51.057759999999995,51.61984,52.18192,52.744,53.30608,53.868159999999996,54.430240000000005,54.99231999999999,55.5544,55.96834286,56.38228571,56.79622857,57.21017143,57.62411429,58.03805714,58.452,58.91184615,59.22030769,59.0,58.7,56.8,52.0,46.9,44.9,58.0,62.0,63.0,64.0,64.43,65.25,66.87,67.56,68.05,68.97
Denmark,58.53,58.46,56.97,57.31,56.25,57.0,57.55,61.78,60.65,61.22,61.19,61.96,61.71,61.24,61.93,62.0,62.31,61.89,62.74,63.66,64.15,62.92,63.5,63.98,64.99,65.83,66.27,66.02,67.16,67.46,66.41,66.09,67.24,68.54,70.12,70.15,70.33,70.93,70.78,71.15,71.35,71.92
Djibouti,29.9,29.9,29.9,29.9,11.563556599999998,29.9,29.9,29.9,29.9,29.9,29.9,29.9,29.9,29.9,29.9,29.9,29.9,29.9,29.9,29.9,29.9,29.9,29.9,29.9,29.9,29.9,29.9,29.9,29.9,29.9,29.9,29.9,31.995,34.09,36.185,38.28,40.375,40.531,40.853,41.193999999999996,41.555,41.934
Dominica,,,,,,,,,,,,,,,,,,,,,,,,,,,,,,,,,,,,,,,,,,
Dominican Rep.,29.9,29.9,29.9,29.9,19.39195572,29.9,29.9,29.9,29.9,29.9,29.9,29.9,29.9,29.9,29.9,29.9,29.9,29.9,29.9,29.9,29.9,29.9,30.86073333,31.82146667,32.7822,33.74293333,34.70366667,35.6644,36.62513333,37.58586667,38.5466,39.50733333,40.46806667,41.4288,42.38953333,43.35026667,44.31100000000001,44.726000000000006,45.551,46.36600000000001,47.17100000000001,47.966
Ecuador,32.9,32.9,32.9,32.9,29.08412881,32.9,32.9,32.9,32.9,32.9,32.9,32.9,32.9,32.9,32.9,32.9,32.9,32.9,32.9,32.9,32.9,32.9,32.9,32.9,32.9,32.9,34.207,35.514,36.821,38.128,39.435,40.742,42.049,43.356,44.663000000000004,45.97,47.277,47.535,48.065,48.623999999999995,49.211000000000006,49.827
Egypt,33.0,33.0,33.0,33.0,25.25458091,33.0,33.0,33.0,33.0,33.0,33.0,33.0,33.0,33.0,30.7,30.6,35.4,32.5,31.0,32.3,31.5,33.2,31.3,34.5,34.8,36.0,34.4,35.7,30.5,29.8,33.4,32.3,34.4,36.1,36.2,36.7,38.466,39.188,40.579,41.865,43.045,44.122
El Salvador,28.7,28.7,28.7,28.7,25.37126131,28.7,28.7,28.7,28.7,28.7,28.7,28.7,28.7,28.7,28.7,28.7,28.7,29.42805,30.1561,30.88415,31.6122,32.34025,33.0683,33.79635,34.5244,35.25245,35.9805,36.70855,37.4366,38.16465,38.8927,39.62075,40.3488,41.07685,41.8049,42.53295,43.261,43.718,44.626999999999995,45.52,46.398,47.261
Equatorial Guinea,29.8,29.8,29.8,29.8,11.5248825,29.8,29.8,29.8,29.8,29.8,29.8,29.8,29.8,29.8,29.8,29.8,29.8,29.8,29.8,29.8,29.8,29.8,29.8,29.8,29.8,29.8,29.8,29.8,29.8,29.8,29.8,29.8,30.6164,31.4328,32.2492,33.0656,33.882,34.032,34.333,34.633,34.934,35.235
Eritrea,30.2,30.2,30.2,30.2,11.67957891,30.2,30.2,30.2,30.2,30.2,30.2,30.2,30.2,30.2,30.2,30.2,30.2,30.2,30.2,30.2,30.2,30.2,30.2,30.2,30.2,30.2,30.2,30.2,30.2,30.2,30.2,30.2,31.2524,32.3048,33.3572,34.4096,35.461999999999996,35.556999999999995,35.747,35.939,36.132,36.328
Estonia,47.5,44.5,44.3,37.0,35.0,37.72210619,46.36024886,52.59408851,51.7,53.30647399,54.15654423,54.92133783,52.49229197,50.06416257,53.02322163,51.60505259,54.80679423,54.00788161,55.77072926,56.79239637,57.42707336,56.272,56.75668509,57.67494133,58.96234708,58.3,56.8,46.0,54.4,54.0,31.0,46.1,54.0,47.0,57.7,58.2,58.62511713,59.87037804,61.08032096,63.65201158,64.99005086,65.67240271
Ethiopia,29.7,29.7,29.7,29.7,11.4862084,29.7,29.7,29.7,29.7,29.7,29.7,29.7,29.7,29.7,29.7,29.7,29.7,29.7,29.7,29.7,29.7,27.5,23.0,29.0,29.0,29.0,28.0,28.0,29.7,29.7,29.7,29.7,30.42,31.14,31.86,32.58,33.3,33.469,33.833,34.249,34.718,35.238
Faeroe Islands,,,,,,,,,,,,,,,,,,,,,,,,,,,,,,,,,,,,,,,,,,
Falkland Islands (Malvinas),,,,,,,,,,,,,,,,,,,,,,,,,,,,,,,,,,,,,,,,,,
Fiji,26.1,26.1,26.1,26.1,6.615631874,26.1,26.1,26.1,26.1,26.1,26.1,26.1,27.10036,28.100720000000003,29.10108,30.101440000000004,31.1018,32.10216,33.10252,34.10288,35.10324,36.1036,37.10396,38.10432,39.10468,40.10504,41.1054,42.10576,43.106120000000004,44.10648,45.106840000000005,46.1072,47.10756,48.10792,49.10828,50.10864,51.108999999999995,51.391000000000005,51.946999999999996,52.488,53.013000000000005,53.523
Finland,49.73,49.54,48.03,46.49,32.71,43.07,47.55,52.41,51.92,52.52,50.22,53.42,53.83,51.86,53.71,51.28,54.47,54.88,55.79,55.45,56.04,57.36,56.16,57.1,57.2,54.67,46.65,46.5,53.9,56.27,48.0,57.19,60.27,60.53,61.99,61.88,64.24,65.67,66.55,66.61,67.57,67.37
France,37.85,35.63,39.51,42.6,34.34,47.52,51.6,52.69,54.92,54.65,55.27,54.39,54.03,55.8,55.44,54.27,56.87,56.93,57.26,57.7,58.36,58.32,58.81,59.17,58.97,59.62,49.45,57.67,57.44,53.33,47.19,54.96,62.38,63.98,65.83,64.92,66.39,66.12,67.41,67.34,68.21,68.47
French Guiana,30.5,30.5,30.5,30.5,26.96249024,30.5,30.5,30.5,30.5,30.5,30.5,30.5,31.37,32.24,33.11,33.98,34.85,35.72,36.59,37.46,38.33,39.2,40.07,40.94,41.81,42.68,43.55,44.42,45.29,46.16,47.03,47.9,48.77,49.64,50.51,51.38,52.25,52.515,53.048,53.583,54.122,54.665
French Polynesia,25.6,25.6,25.6,25.6,1.0,25.6,25.6,25.6,25.6,25.6,25.6,25.6,26.39992,27.199840000000002,27.99976,28.79968,29.5996,30.399520000000003,31.199440000000003,31.99936,32.799279999999996,33.5992,34.39912,35.199040000000004,35.99896,36.79888,37.5988,38.398720000000004,39.198640000000005,39.99856,40.79848,41.5984,42.39832,43.198240000000006,43.99816,44.79808,45.598,46.522,48.281000000000006,49.863,51.266999999999996,52.495
Gabon,30.6,30.6,30.6,30.6,11.83427532,30.6,30.6,30.6,30.6,30.6,30.6,30.6,30.6,30.6,30.6,30.6,30.6,30.6,30.6,30.6,30.6,30.6,30.6,30.6,30.6,30.6,30.6,30.6,30.6,30.6,30.6,30.6,31.6726,32.7452,33.8178,34.8904,35.963,36.248000000000005,36.79,37.278,37.714,38.097
Gambia,28.8,28.8,28.8,28.8,11.42010487,28.8,28.8,28.8,28.8,28.8,28.8,28.8,28.8,28.8,28.8,28.8,28.8,28.8,28.8,28.8,28.8,28.8,28.8,28.8,28.8,28.8,28.8,28.8,28.8,28.8,28.8,28.8,28.9782,29.1564,29.3346,29.5128,29.691,29.84,30.129,30.403000000000002,30.66,30.901999999999997
Georgia,37.071,36.671,36.671,33.671,25.0,35.0,37.0,33.0,35.5,36.0,35.0,39.341,42.541000000000004,41.87638814,43.38437427,42.14185797,41.45985174,40.5,38.0,24.0,43.82262426,45.37997279,47.04907428,46.05766569,47.74228107,50.141000000000005,47.67100000000001,33.3,29.8,27.8,35.0,45.0,54.67100000000001,46.67100000000001,54.74100000000001,57.541000000000004,59.841,60.043,60.445,60.846000000000004,61.247,61.647
Germany,46.17648422,40.52556325,38.988819299999996,40.08037644,32.93682031,48.32065914,53.5,55.01428571,55.61571429,56.21714286,56.81857143,57.42,57.828,58.236000000000004,58.644,59.052,59.46,59.868,60.276,60.684,61.092,61.5,61.78666667,62.07333333,62.36,61.0,60.65987376,59.0,55.0,49.7,37.0,29.0,60.511359999999996,62.109519999999996,63.70768,65.30584,66.904,67.066,67.385,67.692,67.988,68.271
Ghana,28.0,28.0,28.0,28.0,9.437626422000001,28.0,28.0,28.0,28.0,28.0,28.0,28.0,28.52488,29.04976,29.574640000000002,30.099520000000002,30.6244,31.149279999999997,31.674159999999997,32.199040000000004,32.72392,33.2488,33.77368,34.298559999999995,34.823440000000005,35.34832,35.8732,36.39808,36.922959999999996,37.44784,37.97272,38.4976,39.02248,39.54736,40.07224,40.597120000000004,41.122,41.388000000000005,41.917,42.438,42.952,43.458
Gibraltar,,,,,,,,,,,,,,,,,,,,,,,,,,,,,,,,,,,,,,,,,,
Greece,43.05872615,43.32425846,43.58979077,43.85532308,24.06831161,44.38638769,44.651920000000004,44.925959999999996,45.2,45.8,46.4,47.0,47.6,48.2,46.17488,49.9684,50.1456,50.3228,50.5,50.96,51.42,51.88,52.34,52.8,53.31189333,53.82378667,54.33568,40.2,29.5,39.0,45.0,58.0,56.1,53.5,48.2,55.3,65.419,65.477,65.617,65.806,66.043,66.327
Greenland,33.56471621,33.21552014,32.86632407,33.06650979,28.89073575,33.46688122,33.66706694,33.86725266,34.65023568,35.43321871,36.21620174,36.99918476,37.78216779,38.56515082,39.34813384,38.59999648,37.85185912,37.10372176,36.3555844,35.60744704,34.85930968,34.11117231,33.36303495,34.85930968,36.3555844,37.85185912,39.34813384,41.200925,43.05371616,42.73560876,42.41750136,42.09939396,41.78128655,41.93914737,42.09700819,42.25486902,42.41272984,44.06436956,45.71600929,48.81611646,51.91622362,55.01633079
Grenada,37.3,37.3,37.3,37.3,24.19130262,37.3,37.3,37.3,37.99,38.68,39.37,40.06,40.75,41.44,42.13,42.82,43.51,44.2,44.78666667,45.37333333,45.96,46.54666667,47.13333333,47.72,48.30666667,48.89333333,49.48,50.06666667,50.65333333,51.24,51.82666667,52.41333333,53.0,53.55775,54.1155,54.67325,55.231,55.516000000000005,56.078,56.626999999999995,57.161,57.681000000000004
Guadeloupe,27.655,27.655,27.655,27.655,17.93593764,27.655,27.655,27.655,28.48258621,29.31017241,30.13775862,30.96534483,31.79293103,32.62051724,33.44810345,34.27568966,35.10327586,35.93086207,36.75844828,37.58603448,38.41362069,39.241206899999995,40.0687931,40.89637931,41.72396552,42.55155172,43.37913793,44.20672414,45.03431034,45.86189655,46.68948276,47.51706897,48.34465517,49.17224138,49.99982759,50.82741379,51.655,52.088,52.94,53.769,54.571999999999996,55.351000000000006
Guam,27.5,27.5,27.5,27.5,5.526130642,27.5,27.5,27.5,27.5,27.5,27.5,27.5,28.64524,29.79048,30.93572,32.08096,33.2262,34.37144,35.51668,36.66192,37.807159999999996,38.9524,40.097640000000006,41.24288,42.38812,43.533359999999995,44.6786,44.6,44.5,44.3,26.0,45.0,50.0,52.0,53.8,54.98,56.131,56.38,56.879,57.382,57.888000000000005,58.397
Guatemala,25.81824,25.8184,25.81856,25.818720000000003,9.690052174,25.81904,25.8192,25.81936,25.81787077,25.81638154,25.81489231,25.81340308,25.81191385,25.81042462,25.80893538,25.80744615,25.80595692,25.80446769,25.80297846,25.80148923,25.8,26.55874667,27.31749333,28.076240000000002,28.83498667,29.59373333,30.35248,31.454332,32.556184,33.658035999999996,34.759888000000004,35.861740000000005,36.963592,38.065444,39.167296,40.269148,41.371,41.523,41.845,42.199,42.585,43.004
Guernsey,,,,,,,,,,,,,,,,,,,,,,,,,,,,,,,,,,,,,,,,,,
Guinea,30.67931034,30.68965517,30.7,30.71034483,11.87695019,30.73103448,30.74137931,30.75172414,30.76206897,30.77241379,30.78275862,30.79310345,30.80344828,30.813793100000005,30.82413793,30.83448276,30.84482759,30.85517241,30.86551724,30.87586207,30.886206899999998,30.89655172,30.90689655,30.91724138,30.92758621,30.93793103,30.94827586,30.95862069,30.96896552,30.97931034,30.98965517,31.0,31.3072,31.6144,31.9216,32.2288,32.536,32.673,32.946,33.211999999999996,33.474000000000004,33.73
Guinea-Bissau,32.0,32.0,32.0,32.0,12.37571275,32.0,32.0,32.0,32.0,32.0,32.0,32.0,32.0,32.0,32.0,32.0,32.0,32.33883333,32.67766667,33.0165,33.35533333,33.69416667,34.033,34.37183333,34.71066667,35.0495,35.38833333,35.72716667,36.066,36.40483333,36.74366667,37.0825,37.42133333,37.76016667,38.099000000000004,38.43783333,38.77666667,39.1155,39.45433333,39.79316667,40.132,40.47083333
Guyana,32.17072,32.520959999999995,32.8712,33.22144,29.36828694,33.92192,34.27216,34.6224,35.37795556,36.13351111,36.88906667,37.64462222,38.40017778,39.15573333,39.91128889,40.66684444,41.4224,42.19923,42.97606,43.75289,44.529720000000005,45.30655,46.08338,46.860209999999995,47.63704,48.41387,49.1907,49.96753,50.74436,51.521190000000004,52.29802,53.07485,53.85168,54.62851,55.40534,56.18216999999999,56.958999999999996,57.026,57.161,57.294,57.427,57.559
Haiti,29.0,29.0,29.0,29.0,18.80825136,29.0,29.0,29.0,29.0,29.0,29.0,29.0,29.0,29.0,29.0,29.0,29.0,29.0,29.0,29.0,29.0,29.0,29.0,29.0,29.0,29.0,29.0,29.0,29.0,29.908625,30.81725,31.725875,32.6345,33.543125,34.45175,35.360375,36.269,36.601,37.26,37.908,38.546,39.172
Holy See,,,,,,,,,,,,,,,,,,,,,,,,,,,,,,,,,,,,,,,,,,
Honduras,33.9,33.9,33.9,33.9,29.96814489,33.9,33.9,33.9,33.9,33.9,33.9,33.9,33.9,33.9,33.9,33.9,33.9,34.24735,34.5947,34.94205,35.2894,35.63675,35.9841,36.33145,36.6788,37.02615,37.3735,37.72085,38.0682,38.41555,38.7629,39.11025,39.4576,39.80495,40.1523,40.49965,40.847,41.065,41.519,42.006,42.528,43.083
"Hong Kong, China",34.9,34.9,34.9,34.9,22.36476723,34.9,34.9,35.80736667,36.71473333,37.6221,38.52946667,39.43683333,40.3442,41.25156667,42.15893333,43.0663,43.97366667,44.88103333,45.7884,46.69576667,47.60313333,48.5105,49.41786667,50.32523333,51.2326,52.13996667,53.04733333,53.9547,54.86206667,55.76943333,56.6768,57.58416667,58.49153333,59.3989,60.30626667,61.21363333,62.121,62.378,62.898,63.431999999999995,63.979,64.54
Hungary,40.676864,40.90656,41.136256,41.365952,30.11303477,41.825344,42.055040000000005,42.870816,43.686592,44.502368,45.318144000000004,46.13392,46.949696,47.765471999999995,48.581247999999995,49.397024,50.2128,50.89152,51.570240000000005,52.24896,52.92768,53.6064,54.28511999999999,54.963840000000005,55.642559999999996,56.32128,57.0,56.555519999999994,51.0,41.0,26.0,47.0,55.0,59.0,60.69868,61.29056,62.07,62.46,64.03,63.87,65.43,66.88
Iceland,51.92,53.66,54.53,59.02,51.07,58.49,54.58,54.21,56.95,57.67,54.0,58.23,60.79,58.12,61.81,60.55,60.23,60.83,62.16,63.02,63.37,59.49,62.75,63.52,65.09,65.99,65.79,63.18,64.12,65.22,66.8,67.53,68.56,69.39,70.17,71.44,71.01,71.05,72.49,72.31,73.36,73.3
India,23.72293333,23.91511111,24.10728889,24.29946667,8.108836575,24.57893333,24.71866667,24.8584,25.304000000000002,25.7496,26.1952,26.6408,27.0864,27.531999999999996,27.9776,28.4232,28.8688,29.3144,29.64224,29.97008,30.29792,30.625759999999996,30.9536,31.281440000000003,31.60928,31.93712,32.264959999999995,32.5928,32.84137778,32.09974975,32.59606923,33.58711111,33.83568889,32.37850288,34.08566881,34.58142222,34.83,35.167,35.843,36.522,37.204,37.889
Indonesia,30.0,30.0,30.0,30.0,14.02999281,30.0,30.0,30.0,30.0,30.0,30.0,30.0,30.0,30.0,30.5,31.0,31.5,32.0,32.5,33.0,33.5,34.0,34.5,35.0,35.375,35.75,36.125,36.5,29.0,28.0,27.0,26.0,30.5,31.0,31.5,32.0,36.397,36.868,37.802,38.722,39.63,40.524
Iran,25.6,25.6,25.6,25.6,21.22314543,25.6,25.6,25.6,25.6,25.6,25.6,25.6,25.6,25.6,25.6,25.6,25.6,25.6,25.6,25.6,25.6,25.6,25.6,25.6,25.6,25.6,25.6,26.9818,28.3636,29.7454,31.1272,32.509,33.8908,35.2726,36.6544,38.0362,39.418,39.71,40.294000000000004,40.878,41.461999999999996,42.047
Iraq,31.2,31.2,31.2,31.2,25.86570849,31.2,31.2,31.2,31.2,31.2,31.2,31.2,31.2,31.2,31.2,31.2,31.2,31.2,31.2,31.2,31.2,31.2,31.2,31.2,31.2,31.2,31.2,31.5665,31.933000000000003,32.2995,32.666,33.0325,33.399,33.7655,34.132,34.4985,34.865,35.658,37.217,38.727,40.188,41.599
Ireland,54.56,54.81333333,55.06666667,55.32,49.68159322,55.82666667,56.08,56.33333333,56.58666667,56.84,57.09333333,57.34666667,57.6,57.73,57.86,57.99,58.12,58.25,58.38,58.51,58.64,58.77,58.9,59.12,59.34,59.56,59.78,60.0,60.28,60.56,60.84,61.12,61.4,62.4525,63.505,64.5575,65.61,64.78,67.2,67.96,68.07,68.06
Isle of Man,,,,,,,,,,,,,,,,,,,,,,,,,,,,,,,,,,,,,,,,,,
Israel,32.0,32.0,32.0,32.0,26.52893178,32.0,32.0,32.0,32.0,32.0,32.0,32.0,32.0,32.0,32.0,32.0,32.0,32.0,32.0,32.0,32.0,32.0,34.1448,36.2896,38.4344,40.5792,42.724,44.8688,47.0136,49.1584,51.3032,53.448,55.5928,57.7376,59.8824,62.0272,64.172,64.498,65.128,65.71600000000001,66.26,66.763
Italy,49.89,42.34,39.27,37.69,25.62,42.1,45.51,49.25,50.01,51.45,51.51,51.31,50.96,52.58,52.67,52.29,55.2,54.78,54.77,56.29,56.86,56.22,56.75,55.49,56.13,57.64,56.95,54.62,52.45,49.19,52.34,54.78,58.97,61.18,63.45,64.11,65.77,65.31,65.94,66.58,67.9,68.25
Jamaica,38.2,37.0,35.6,31.7,26.4,36.6,35.4,30.7,37.0,38.0,38.6,38.9,40.7,39.4,41.6,43.0,45.3,42.7,44.2,41.6,44.4,44.0,44.4,47.2,45.9,48.5,47.6,49.4,49.8,50.3,49.1,49.1,51.4,50.4,51.7,53.9,56.63,57.121,58.082,59.003,59.883,60.721000000000004
Japan,40.714271999999994,40.899440000000006,41.128415999999994,41.357392,32.69594853,41.815344,42.04432,42.33032,42.61632,43.224928000000006,43.833535999999995,44.442144,45.050752,45.65936,45.98225,46.30514,46.628029999999995,46.95092,47.27381,47.5967,47.91959,48.24248,48.62124,49.0,49.0,49.0,49.0,48.75,48.5,46.0,40.0,30.5368,46.5,51.75,56.89,57.76,59.3,60.99,63.03,63.37,64.61,65.77
Jersey,,,,,,,,,,,,,,,,,,,,,,,,,,,,,,,,,,,,,,,,,,
Jordan,31.7,31.7,31.7,31.7,26.28022305,31.7,31.7,31.7,31.7,31.7,31.7,31.7,31.7,31.7,31.7,31.7,31.7,31.7,31.7,31.7,31.7,31.7,32.57086667,33.44173333,34.3126,35.18346667,36.05433333,36.9252,37.79606667,38.66693333,39.5378,40.40866667,41.27953333,42.1504,43.02126667,43.89213333,44.763000000000005,45.198,46.06399999999999,46.92,47.766999999999996,48.603
Kazakhstan,31.4,31.0,31.0,28.0,18.0,23.47,18.97,22.27,23.17,32.07,34.57,33.67,36.87,36.20538814,37.71337427,36.47085797,35.78885174,16.0,8.0,4.0,38.15162426,39.70897279,41.37807428,40.38666569,42.07128107,44.47,42.0,27.0,24.0,23.0,31.0,39.0,49.0,41.0,49.07,51.87,54.17,54.4,54.858999999999995,55.31399999999999,55.766000000000005,56.214
Kenya,25.5,25.5,25.5,25.5,6.011524952,25.5,25.5,25.5,25.5,25.18496,24.86992,24.554879999999997,24.23984,23.9248,24.16968,24.41456,24.65944,24.904320000000002,25.1492,25.39408,25.63896,25.88384,26.12872,26.3736,26.6797,26.9858,27.2919,27.598000000000003,27.9041,28.2102,28.5163,28.8224,31.37492,33.927440000000004,36.47996,39.03248,41.585,41.74,42.074,42.457,42.888000000000005,43.368
Kiribati,24.9,24.9,24.9,24.9,24.9,24.9,24.9,24.9,24.9,24.9,24.9,24.9,24.9,24.9,24.9,24.9,24.9,24.9,24.9,24.9,24.9,26.006875,27.11375,28.220625,29.3275,30.434375,31.54125,32.648125,30.0,27.0,31.0,27.0,37.8,39.2,40.39625,41.503125,42.61,42.836000000000006,43.288999999999994,43.74100000000001,44.193999999999996,44.646
"Korea, Dem. Rep.",25.48004,25.97896,26.47788,26.9768,17.03161229,27.48832,27.999840000000003,28.511359999999996,29.022879999999997,29.5344,30.348544,31.162688,31.976832,32.790976,33.60512,34.361744,35.118368,35.874992,36.631615999999994,37.38824,38.4248,39.46136,40.49792,41.53448,42.57104,43.1505,43.72996,44.30942,44.88888,43.0,42.0,42.5,45.0,47.0,47.58858667,48.03853778,36.0,27.0,25.0,32.0,42.937,47.0
"Korea, Rep.",25.48004,25.97896,26.47788,26.9768,17.03161229,27.48832,27.999840000000003,28.511359999999996,29.022879999999997,29.5344,30.348544,31.162688,31.976832,32.790976,33.60512,34.361744,35.118368,35.874992,36.631615999999994,37.38824,38.4248,39.46136,40.49792,41.53448,42.57104,43.1505,43.72996,44.30942,44.88888,43.0,42.0,42.5,45.0,47.0,47.58858667,48.03853778,43.0,40.5,40.0,45.0,48.0,49.527
Kosovo,,,,,,,,,,,,,,,,,,,,,,,,,,,,,,,,,,,,,,,,,,
Kuwait,26.0,26.0,26.0,26.0,21.55475707,26.0,26.0,26.0,26.0,26.0,26.0,26.0,26.0,26.0,26.0,26.0,26.0,26.0,26.0,26.0,26.0,26.0,26.0,26.0,26.0,26.0,28.29763636,30.59527273,32.89290909,35.19054545,37.48818182,39.78581818,42.08345455,44.38109091,46.67872727,48.97636364,51.273999999999994,51.821000000000005,52.898,53.935,54.933,55.893
Kyrgyzstan,29.141,28.741,28.741,25.741,15.741,21.211,16.711,12.0,14.0,29.811,32.311,31.410999999999998,34.611,33.94638814,35.45437427,34.21185797,33.52985174,27.741,19.741,15.741,35.89262426,37.44997279,39.11907428,38.12766569,39.81228107,42.211000000000006,39.741,29.0,25.0,24.0,32.0,39.5,46.74100000000001,38.741,46.81100000000001,49.611000000000004,51.911,52.14,52.598,53.053999999999995,53.50899999999999,53.963
Laos,31.9,31.9,31.9,31.9,20.44229441,31.9,31.9,31.9,31.9,31.9,31.9,31.9,31.9,31.9,31.9,31.9,31.9,31.9,31.9,31.9,31.9,31.9,31.9,31.9,31.9,31.9,31.5,31.2,30.9,30.1,29.1,27.0,34.0,36.0,38.5,39.4852,40.328,40.474000000000004,40.766,41.062,41.36,41.66
Latvia,49.5,40.3,40.1,39.5,35.5,40.1,47.71124487,57.15177272,55.57485919,56.68939467,53.7,52.92242312,55.87361205,54.18974027,54.89441651,52.88878138,56.02355001,56.73659849,56.60679353,58.5677718,55.53142064,58.083999999999996,57.55924914,56.713713399999996,59.92887826,59.26653119,52.0,31.0,43.2,42.1,23.5,38.0,54.96653119,47.96653119,58.66653119,59.16653119,59.715,60.445,61.852,63.15,64.34100000000001,65.423
Lebanon,29.7,29.7,29.7,29.7,24.62216481,29.7,29.7,29.7,29.7,29.7,29.7,29.7,29.7,29.7,29.7,29.7,29.7,29.7,29.7,29.7,29.7,29.7,29.7,29.7,29.7,29.7,29.7,32.6886,35.6772,38.6658,41.6544,44.643,47.6316,50.6202,53.6088,56.5974,59.586000000000006,59.81399999999999,60.261,60.693000000000005,61.108000000000004,61.507
Lesotho,32.8,32.8,32.8,32.8,12.68510557,32.8,32.8,32.8,32.8,32.8,32.8,32.8,32.8,32.8,32.8,32.8,32.8,32.8,32.8,32.8,32.8,32.8,32.8,32.8,32.8,32.8,32.8,32.8,32.8,32.8,32.8,32.8,34.4438,36.0876,37.7314,39.3752,41.019,41.299,41.864,42.442,43.034,43.637
Liberia,31.1,31.1,31.1,31.1,12.02764583,31.1,31.1,31.1,31.1,31.1,31.1,31.1,31.1,31.1,31.1,31.1,31.1,31.1,31.1,31.1,31.1,31.1,31.1,31.1,31.1,31.1,31.1,31.1,31.1,31.1,31.1,31.1,31.418000000000003,31.736,32.054,32.372,32.69,32.801,33.02,33.232,33.437,33.637
Libya,33.1,33.1,33.1,33.1,25.33110994,33.1,33.1,33.1,33.1,33.1,33.1,33.1,33.1,33.1,33.1,33.1,33.1,33.1,33.1,33.1,33.1,33.1,33.1,33.1,33.1,33.1,32.8,31.0,30.1,30.0,30.2,32.5,34.0,34.81775,35.6355,36.45325,37.271,36.98,36.538000000000004,36.38,36.506,36.914
Liechtenstein,,,,,,,,,,,,,,,,,,,,,,,,,,,,,,,,,,,,,,,,,,
Lithuania,45.7,39.5,39.4,39.0,34.5,39.0,43.0,49.092,49.443999999999996,49.79600000000001,50.148,50.5,51.0224,51.5448,52.0672,52.5896,53.111999999999995,53.6344,54.1568,54.6792,55.2016,55.724,56.2464,56.7688,57.2912,55.0,51.0,12.0,46.0,44.4,27.0,40.0,52.5,45.5,58.0,60.5,63.56,63.871,64.492,65.111,65.72800000000001,66.342
Luxembourg,50.0696,51.4688,50.1152,48.0472,42.3344,44.6784,54.6224,56.2056,55.2664,54.684,56.7616,54.7888,53.4056,55.8592,55.352,52.7032,56.7984,57.5888,56.6616,58.3152,59.9032,59.1008,61.2008,61.06399999999999,59.2032,60.352,61.9472,59.9912,58.3328,54.32,47.836000000000006,49.4008,61.6128,63.0568,64.4936,64.84,65.248,65.42,65.76100000000001,66.092,66.415,66.73
"Macao, China",34.7,34.7,34.7,34.7,22.23660238,34.7,34.7,35.5429,36.3858,37.2287,38.0716,38.9145,39.7574,40.6003,41.4432,42.2861,43.129,43.9719,44.8148,45.6577,46.5006,47.3435,48.1864,49.0293,49.8722,50.7151,51.558,52.4009,53.2438,54.0867,54.9296,55.7725,56.6154,57.4583,58.3012,59.1441,59.986999999999995,60.254,60.786,61.316,61.843,62.368
"Macedonia, FYR",36.1,36.1,36.1,36.1,19.81210006,36.1,36.1,36.62784383,37.15568765,37.68353148,38.21137531,38.73921913,39.26706296,39.79490679,40.32275062,40.85059444,41.37843827,41.9062821,42.43412592,42.96196975,43.48981358,44.0176574,44.54550123,45.07334506,45.60118889,46.12903271,46.65687654,46.0,44.625,43.36538462,42.21538462,42.18461538,48.0,50.5,51.5,52.3,53.042,53.527,54.477,55.386,56.251999999999995,57.076
Madagascar,30.5,30.5,30.5,30.5,12.7142916,30.5,30.5,30.5,30.5,30.5,30.5,30.5,30.5,30.5,30.5,30.5,30.5,30.5,30.5,30.5,30.5,30.5,30.5,30.5,30.5,30.5,30.5,30.5,30.5,30.5,30.5,30.5,31.4698,32.4396,33.4094,34.3792,35.349000000000004,35.591,36.076,36.561,37.047,37.533
Malawi,30.3,30.3,30.3,30.3,11.71825301,30.3,30.3,30.3,30.3,30.3,30.3,30.3,30.3,30.3,30.3,30.3,30.3,30.3,30.3,30.3,30.3,30.3,30.3,30.3,30.3,30.3,30.3,30.3,30.3,30.3,30.3,30.3,31.4448,32.5896,33.7344,34.8792,36.024,36.091,36.232,36.39,36.563,36.751999999999995
Malaysia,30.6,30.6,30.6,30.6,19.60922285,30.6,30.6,30.6,30.6,30.6,30.6,30.6,30.6,30.6,30.6,30.6,30.6,31.7443,32.8886,34.0329,35.1772,36.3215,37.4658,38.6101,39.7544,40.8987,42.043,41.8,36.1,38.5,38.3,38.1,45.0,48.0,50.5,52.0,53.486000000000004,53.816,54.472,55.122,55.765,56.402
Maldives,32.647,32.647,32.647,32.647,10.5989291,32.647,32.647,32.647,32.647,32.647,32.647,32.647,32.647,32.647,32.647,32.647,32.647,32.647,32.647,32.647,32.647,32.647,32.647,32.647,32.647,32.647,32.647,32.647,32.647,32.647,32.647,32.647,32.647,32.647,32.647,32.647,32.647,32.719,32.887,33.099000000000004,33.355,33.656
Mali,26.408,26.408,26.408,26.408,10.21305695,26.408,26.408,26.408,26.408,26.408,26.408,26.408,26.408,26.408,26.408,26.408,26.408,26.408,26.408,26.408,26.408,26.408,26.408,26.408,26.408,26.408,26.408,26.408,26.408,26.408,26.408,26.408,26.408,26.408,26.408,26.408,26.408,26.563000000000002,26.855999999999998,27.116999999999997,27.345,27.54
Malta,48.55307692,49.02576923,49.49846154,49.97115385,47.1372566,50.91653846,51.38923077,51.86192308,52.33461538,52.80730769,53.28,53.75269231,54.22538462,54.69807692,55.17076923,55.64346154,56.11615385,56.58884615,57.06153846,57.53423077,58.00692308,58.47961538,58.60971154,58.73980769,58.86990385,59.0,57.5,53.0,56.0,61.0,62.5,63.20653846,63.67923077,64.15192308,64.62461538,65.09730769,65.57,65.622,65.738,65.883,66.054,66.253
Marshall Islands,,,,,,,,,,,,,,,,,,,,,,,,,,,,,,,,,,,,,,,,,,
Martinique,30.153000000000002,30.153000000000002,30.153000000000002,30.153000000000002,19.55604149,30.153000000000002,30.153000000000002,30.153000000000002,30.98058621,31.80817241,32.63575862,33.46334483,34.29093103,35.11851724,35.94610345,36.77368966,37.60127586,38.42886207,39.25644828,40.08403448,40.91162069,41.7392069,42.566793100000005,43.39437931,44.22196552,45.04955172,45.87713793,46.70472414,47.53231034,48.35989655,49.18748276,50.01506897,50.84265517,51.67024138,52.49782759,53.32541379,54.153,54.513999999999996,55.228,55.927,56.611000000000004,57.278999999999996
Mauritania,32.0,32.0,32.0,32.0,12.37571275,32.0,32.0,32.0,32.0,32.0,32.0,32.0,32.0,32.0,32.0,32.0,32.0,32.0,32.0,32.0,32.0,32.0,32.0,32.0,32.0,32.0,32.0,32.0,32.0,32.0,32.0,32.0,33.089,34.178000000000004,35.266999999999996,36.356,37.445,37.72,38.28,38.863,39.47,40.099000000000004
Mauritius,30.53967429,28.50349281,32.62329601,30.72346315,29.54831247,12.0,31.18778883,23.87965007,28.41811047,34.02265529,34.849076399999994,38.82353499,37.45074619,37.67612613,34.33024124,31.849657699999998,27.66108729,24.75497886,29.90502824,35.26978452,37.00402293,36.12649879,36.23504102,33.71782518,32.62329601,34.53684187,37.22671448,37.11520169,33.31562928,36.78266354,35.48203935,27.08626126,33.01713386,38.6176,41.77306667,44.92853333,48.083999999999996,48.595,49.636,50.711000000000006,51.82,52.961999999999996
Mayotte,32.5,32.5,32.5,32.5,12.56908326,32.5,32.5,32.5,32.5,32.5,32.5,32.5,32.5,32.5,32.5,32.5,32.5,32.5,32.5,32.5,32.5,32.5,32.5,32.5,32.5,32.5,32.5,32.5,32.5,32.5,32.5,32.5,34.9418,37.3836,39.8254,42.2672,44.708999999999996,45.375,46.677,47.923,49.111000000000004,50.24100000000001
Mexico,29.14,29.5725,30.005,30.4375,18.18642435,31.3025,31.735,32.1675,32.6,33.5,32.8,32.1,34.2,40.3,34.5,35.4,36.2,37.7,38.4,37.3,38.2,40.4,38.3,36.8,39.4,45.5,39.2,42.6,39.8,42.8,43.2,44.2,44.8,46.3,48.3,45.8,48.556000000000004,49.115,50.21,51.254,52.247,53.19
"Micronesia, Fed. Sts.",26.7,26.7,26.7,26.7,8.668220878,26.7,26.7,26.7,26.7,26.7,26.7,26.7,27.783040000000003,28.86608,29.94912,31.032159999999998,32.1152,33.198240000000006,34.281279999999995,35.36432,36.447359999999996,37.5304,38.613440000000004,39.69648,40.77952,41.862559999999995,42.9456,44.02864,43.0,37.0,28.0,45.0,48.0,50.0,51.6,52.7,53.776,53.976000000000006,54.376000000000005,54.776,55.176,55.577
Moldova,33.145,33.145,33.145,33.145,31.21478547,33.145,33.145,33.63291667,34.12083333,34.60875,35.09666667,35.58458333,36.0725,36.56041667,37.04833333,37.53625,38.02416667,38.51208333,39.0,40.06361111,41.12722222,42.19083333,43.25444444,44.31805556,45.38166667,46.44527778,47.50888889,40.5,39.0,35.0,24.9,44.5,51.0,21.0,55.0,56.5,58.145,58.375,58.827,59.265,59.688,60.098
Monaco,,,,,,,,,,,,,,,,,,,,,,,,,,,,,,,,,,,,,,,,,,
Mongolia,31.8,31.8,31.8,31.8,20.37821198,31.8,31.8,31.8,31.8,31.8,31.8,31.8,31.8,31.8,31.8,31.8,31.8,31.8,31.8,31.8,31.8,31.8,31.8,31.8,31.8,31.8,31.8,31.8,31.8,31.8,31.8,31.8,33.9448,36.0896,38.2344,40.3792,42.523999999999994,42.638000000000005,42.917,43.295,43.771,44.345
Montenegro,35.4,35.4,35.4,35.4,19.42793192,35.4,35.4,36.1926,36.9852,37.7778,38.5704,39.363,40.1556,40.9482,41.7408,42.5334,43.326,44.1186,44.9112,45.7038,46.4964,47.288999999999994,48.0816,48.8742,49.6668,50.4594,51.251999999999995,40.43545879,37.45463971,36.28823224,34.71574218,36.49559357,46.0,56.0,57.1,58.38,59.178000000000004,59.293,59.556000000000004,59.88399999999999,60.278,60.736000000000004
Montserrat,,,,,,,,,,,,,,,,,,,,,,,,,,,,,,,,,,,,,,,,,,
Morocco,33.1,33.1,33.1,33.1,25.33110994,33.1,33.1,33.1,33.1,33.1,33.1,33.1,33.1,33.1,33.1,33.1,33.1,33.1,33.1,33.1,33.1,33.1,33.1,33.1,33.1,33.1,33.1,34.2937,35.4874,36.6811,37.8748,39.0685,40.2622,41.4559,42.6496,43.8433,45.037,45.18899999999999,45.498000000000005,45.821000000000005,46.158,46.50899999999999
Mozambique,30.27648,30.27646667,30.27645333,30.27644,11.70914139,30.27641333,30.2764,30.27638667,30.27637333,30.276359999999997,30.27634667,30.27633333,30.276320000000002,30.27630667,30.27629333,30.27628,30.27626667,30.27625333,30.27624,30.27622667,30.27621333,30.2762,30.27618667,30.27617333,30.276159999999997,30.27614667,30.27613333,30.276120000000002,30.27610667,30.27609333,30.27608,30.27606667,30.27605333,30.276040000000002,30.27602667,30.27601333,30.276,30.528000000000002,31.034000000000002,31.54,32.046,32.551
Myanmar,30.8,30.8,30.8,30.8,18.12903307,30.8,30.8,30.8,30.8,30.8,30.8,30.8,30.8,30.8,30.8,30.8,30.8,30.8,30.8,30.8,30.8,30.8,30.8,30.8,30.8,30.8,30.8,30.8,28.0,28.5,28.1,28.0,28.93333333,29.86666667,30.8,32.041,33.282,34.05,35.513000000000005,36.834,38.013000000000005,39.052
Namibia,32.4,32.4,32.4,32.4,12.53040916,32.4,32.4,32.4,32.4,32.4,32.4,32.4,32.4,32.4,32.4,32.4,32.4,32.4,32.4,32.4,32.4,32.4,32.4,32.4,32.4,32.4,32.4,33.1853,33.9706,34.7559,35.5412,36.3265,37.1118,37.8971,38.6824,39.4677,40.253,40.633,41.386,42.126000000000005,42.852,43.565
Nauru,,,,,,,,,,,,,,,,,,,,,,,,,,,,,,,,,,,,,,,,,,
Nepal,32.8,32.8,32.8,32.8,21.01903625,32.8,32.8,32.8,32.8,32.8,32.8,32.8,32.8,32.8,32.8,32.8,32.8,32.8,32.8,32.8,32.8,32.8,32.8,32.8,32.8,32.8,32.8,32.8,32.8,32.8,32.8,32.8,33.1586,33.5172,33.8758,34.2344,34.593,34.797,35.204,35.611999999999995,36.019,36.427
Netherlands,57.2,57.22,56.16,55.67,47.61,54.98,57.84,59.77,59.84,62.06,62.97,63.18,63.04,62.65,63.74,62.19,64.73,64.35,65.44,66.08,66.62,66.54,66.76,66.98,67.4,67.73,65.4,65.33,65.84,64.43,61.26,55.45,67.58,69.53,71.05,70.28,71.45,71.51,72.13,71.71,72.4,72.52
Netherlands Antilles,34.408,34.408,34.408,34.408,22.31566596,34.408,34.408,34.408,35.23558621,36.06317241,36.89075862,37.71834483,38.54593103,39.37351724,40.20110345,41.02868966,41.85627586,42.68386207,43.51144828,44.33903448,45.16662069,45.994206899999995,46.8217931,47.64937931,48.47696552,49.30455172,50.13213793,50.95972414,51.78731034,52.61489655,53.44248276,54.27006897,55.09765517,55.92524138,56.75282759,57.58041379,58.408,58.958999999999996,60.02,60.997,61.891000000000005,62.702
New Caledonia,26.0,26.0,26.0,26.0,26.0,26.0,26.0,26.0,26.0,26.0,26.0,26.0,26.923479999999998,27.84696,28.77044,29.693920000000002,30.6174,31.540879999999998,32.46436,33.387840000000004,34.31132,35.2348,36.15828,37.081759999999996,38.00524,38.92872,39.8522,40.77568,41.69916,42.622640000000004,43.54612,44.4696,45.39308,46.316559999999996,47.24004,48.16352,49.086999999999996,49.50899999999999,50.343,51.16,51.958999999999996,52.74
New Zealand,53.68641026,54.13269231,54.57897436,55.02525641,47.00680071,55.91782051,56.36410256,56.81038462,57.25666667,57.70294872,58.14923077,58.59551282,59.04179487,59.48807692,59.93435897,60.38064103,60.82692308,61.27320513,61.71948718,62.16576923,62.61205128,63.05833333,63.50461538,63.95089744,64.39717949,64.84346154,65.28974359,65.73602564,66.18230769,66.62858974,67.07487179,67.52115385,67.96743590000001,68.41371795,68.86,68.98,69.29,69.16,69.39,70.24,70.35,70.48
Nicaragua,25.4,25.4,25.4,25.19,22.26836489,24.77,24.56,24.35,24.88265684,25.41531368,25.94797053,26.48062737,27.01328421,27.54594105,28.07859789,28.61125474,29.14391158,29.67656842,30.20922526,30.74188211,31.27453895,31.80719579,32.33985263,32.87250947,33.40516632,33.93782316,34.47048,35.128432000000004,35.786384000000005,36.444336,37.102288,37.76024,38.418192,39.076144,39.734096,40.392047999999996,41.05,41.358000000000004,41.975,42.595,43.218,43.843999999999994
Niger,30.8,30.8,30.8,30.8,11.91162352,30.8,30.8,30.8,30.8,30.8,30.8,30.8,30.8,30.8,30.8,30.8,30.8,30.8,30.8,30.8,30.8,30.8,30.8,30.8,30.8,30.8,30.8,30.8,30.8,30.8,30.8,30.8,31.616,32.431999999999995,33.248000000000005,34.064,34.88,34.899,34.94,34.989000000000004,35.048,35.114000000000004
Nigeria,30.4,30.4,30.4,30.4,14.3599432,30.4,30.4,30.4,30.4,30.4,30.4,30.4,30.4,30.4,30.4,30.4,30.4,30.4,30.4,30.4,30.4,30.4,30.4,30.4,30.4,30.4,30.4,30.4,30.4,30.4,30.4,30.4,30.9854,31.5708,32.1562,32.7416,33.327,33.486999999999995,33.818000000000005,34.172,34.549,34.948
Niue,,,,,,,,,,,,,,,,,,,,,,,,,,,,,,,,,,,,,,,,,,
Norfolk Island,,,,,,,,,,,,,,,,,,,,,,,,,,,,,,,,,,,,,,,,,,
Northern Cyprus,,,,,,,,,,,,,,,,,,,,,,,,,,,,,,,,,,,,,,,,,,
Northern Mariana Islands,,,,,,,,,,,,,,,,,,,,,,,,,,,,,,,,,,,,,,,,,,
Norway,57.82,58.17,57.25,57.75,50.3,56.82,58.89,61.61,60.79,61.81,62.12,62.52,63.26,62.87,63.4,62.47,64.11,64.14,64.61,65.49,66.22,65.84,65.84,66.04,67.09,67.36,65.89,65.77,65.68,66.12,65.8,68.19,69.51,70.01,71.13,71.53,71.6,72.54,72.67,73.15,73.23,73.44
Oman,32.3,32.3,32.3,32.3,26.77764052,32.3,32.3,32.3,32.3,32.3,32.3,32.3,32.3,32.3,32.3,32.3,32.3,32.3,32.3,32.3,32.3,32.3,32.3,32.3,32.3,32.3,32.3,32.3,32.3,32.3,32.3,32.3,32.6784,33.0568,33.4352,33.8136,34.192,34.663000000000004,35.6,36.525,37.439,38.342
Pakistan,23.68,23.99,24.3,24.61,8.212462883999999,25.23,25.54,25.85,26.16,26.47,26.78,27.09,27.4,27.75995833,28.11991667,28.479875,28.83983333,29.19979167,29.55975,29.91970833,30.27966667,30.639625,30.99958333,31.35954167,31.7195,32.07945833,32.43941667,32.799375,33.15933333,33.51929167,33.87925,34.23920833,34.59916667,10.71858898,31.50743098,35.67904167,36.039,36.643,37.838,39.007,40.15,41.266999999999996
Palau,,,,,,,,,,,,,,,,,,,,,,,,,,,,,,,,,,,,,,,,,,
Panama,32.9,32.9,33.1,33.3,29.43773524,33.7,33.9,34.1,34.3,34.5,34.7,34.9,35.1,35.3,35.5,35.7,35.9,36.55,37.2,37.85,38.5,39.15,39.8,40.45,41.1,41.75,42.4,43.7328,45.0656,46.3984,47.7312,49.06399999999999,50.3968,51.7296,53.0624,54.3952,55.728,55.995,56.53,57.068000000000005,57.608999999999995,58.152
Papua New Guinea,31.5,31.5,31.5,31.5,31.5,31.5,31.5,31.5,31.5,31.5,31.5,31.5,31.5,31.5,31.5,31.5,31.5,31.5,31.5,31.5,31.5,31.5,31.5,31.5,31.5,31.5,31.5,31.5,31.0,30.0,29.0,28.0,31.5,32.0455,32.591,33.1365,33.681999999999995,33.933,34.434,34.929,35.418,35.902
Paraguay,35.5,35.5,35.5,35.5,31.38257061,35.5,35.5,35.5,35.5,35.5,35.5,35.5,35.5,35.5,35.5,35.5,35.5,35.5,35.5,37.01044444,38.52088889,40.03133333,41.54177778,43.05222222,44.56266667,46.07311111,47.58355556,49.093999999999994,50.60444444,52.11488889,53.62533333,55.13577778,56.64622222,58.15666667,59.66711111,61.17755556,62.688,62.678999999999995,62.68,62.718,62.793,62.905
Peru,35.7,35.7,35.7,35.7,31.55937382,35.7,35.7,35.7,35.7,35.7,35.7,35.7,35.7,35.7,35.7,35.7,35.7,35.7,35.7,35.7,35.7,35.7,35.7,35.7,35.7,35.7,35.7,36.4413,37.1826,37.9239,38.6652,39.4065,40.1478,40.8891,41.6304,42.3717,43.113,43.294,43.674,44.085,44.528,45.001999999999995
Philippines,30.9,30.9,30.9,30.9,25.6,30.9,30.9,30.9,30.9,30.9,30.9,30.9,31.6,32.3,33.0,33.7,34.4,35.1,35.8,36.5,37.2,37.9,38.6,39.3,40.0,41.22816667,42.45633333,41.0,34.8,37.1,32.5,29.9,41.0,44.4345,47.869,51.3035,54.738,54.913999999999994,55.262,55.606,55.943999999999996,56.276
Pitcairn,,,,,,,,,,,,,,,,,,,,,,,,,,,,,,,,,,,,,,,,,,
Poland,44.66304348,44.96521739,45.26739129999999,45.56956522,38.63814745,46.17391304,46.47608696,46.77826087,47.08043478,47.382608700000006,47.68478261,47.98695652,48.28913043,48.59130435,48.89347826,49.19565217,49.49782609,49.8,50.28657895,50.77315789,51.25973684,51.74631579,52.23289474,52.71947368,53.20605263,45.0,44.7,41.1,33.4,23.6,15.4,34.3,47.0,54.0,57.0,58.0,59.045,59.653,60.828,61.918,62.925,63.848
Portugal,35.6,35.6,35.6,35.6,20.38594388,35.6,35.6,35.6,35.6,35.6,35.6,35.6,36.65533333,37.71066667,38.766,39.82133333,40.87666667,41.931999999999995,42.98733333,44.04266667,45.098,46.15333333,47.20866667,48.263999999999996,49.31933333,50.37466667,51.43,47.95,49.87,51.05,52.42,53.81,53.69,56.03,56.76,55.38,58.53,58.72,59.82,61.12,62.26,61.43
Puerto Rico,38.286,38.315,38.344,38.373000000000005,24.88720792,38.431,38.46,38.679,38.898,39.117,39.336,39.555,39.774,39.993,40.211999999999996,40.431,40.65,41.18600000000001,41.722,42.258,42.794,43.33,43.86600000000001,44.402,44.938,45.474,46.01,47.5009,48.9918,50.4827,51.9736,53.4645,54.9554,56.4463,57.9372,59.4281,60.919,61.65,63.034,64.259,65.327,66.237
Qatar,30.8,30.8,30.8,30.8,25.53409684,30.8,30.8,30.8,30.8,30.8,30.8,30.8,30.8,30.8,30.8,30.8,30.8,30.8,30.8,30.8,30.8,30.8,30.8,30.8,30.8,30.8,30.8,33.0806,35.3612,37.6418,39.9224,42.203,44.4836,46.7642,49.0448,51.3254,53.606,54.02,54.843999999999994,55.657,56.461000000000006,57.255
Reunion,33.0,33.0,33.0,33.0,12.76245377,33.0,33.0,33.0,33.0,33.0,33.0,33.0,33.0,33.0,33.0,33.0,33.0,33.0,33.0,33.0,33.0,33.0,33.0,33.0,33.0,33.0,33.0,33.0,33.0,33.0,33.0,33.0,35.4622,37.9244,40.3866,42.8488,45.31100000000001,45.978,47.282,48.531000000000006,49.722,50.857
Romania,35.7,35.7,35.7,35.7,26.44721048,35.7,35.7,36.22583333,36.75166667,37.2775,37.80333333,38.32916667,38.855,39.38083333,39.90666667,40.4325,40.95833333,41.48416667,42.01,43.07111111,44.13222222,45.19333333,46.25444444,47.31555556,48.37666667,49.43777778,50.49888889,45.4,44.7,42.4,41.2,45.4,54.0,57.92666667,58.98777778,60.04888889,61.11,61.032,60.961999999999996,61.065,61.341,61.785
Russia,33.0,31.5,31.5,29.0,23.0,25.0,20.5,23.8,24.7,33.6,36.1,35.2,38.4,37.5,38.9,37.4,36.5,35.0,32.8,17.35,38.2,39.6,41.1,39.9,41.4,43.6,41.2,23.0,18.0,16.0,27.0,34.0,46.1,40.4,52.2,55.0,57.3,57.8,58.2,59.0,61.0,63.4
Rwanda,31.8,31.8,26.0,24.0,12.29836455,31.8,31.8,31.8,31.8,31.8,26.0,25.0,24.0,31.8,26.0,24.0,31.8,31.8,32.21498182,32.62996364,33.04494545,33.45992727,33.87490909,34.28989091,34.70487273,35.11985455,35.53483636,35.94981818,36.3648,34.0,19.4646748,37.506,37.8864,38.2668,38.6472,39.0276,39.408,39.555,39.849000000000004,40.146,40.446999999999996,40.75
Saint Barthlemy,,,,,,,,,,,,,,,,,,,,,,,,,,,,,,,,,,,,,,,,,,
Saint Helena,,,,,,,,,,,,,,,,,,,,,,,,,,,,,,,,,,,,,,,,,,
Saint Kitts and Nevis,,,,,,,,,,,,,,,,,,,,,,,,,,,,,,,,,,,,,,,,,,
Saint Lucia,28.008000000000003,28.008000000000003,28.008000000000003,28.008000000000003,18.16487945,28.008000000000003,28.008000000000003,28.008000000000003,28.83558621,29.66317241,30.49075862,31.31834483,32.14593103,32.97351724,33.80110345,34.62868966,35.45627586,36.28386207,37.11144828,37.93903448,38.76662069,39.594206899999996,40.4217931,41.24937931,42.07696552,42.90455172,43.73213793,44.55972414,45.38731034,46.21489655,47.04248276,47.87006897,48.69765517,49.52524138,50.35282759,51.18041379,52.008,52.093,52.313,52.636,53.06,53.585
Saint Martin,,,,,,,,,,,,,,,,,,,,,,,,,,,,,,,,,,,,,,,,,,
Saint Vincent and the Grenadines,25.986,25.986,25.986,25.986,16.85349034,25.986,25.986,25.986,26.81358621,27.64117241,28.46875862,29.29634483,30.12393103,30.95151724,31.77910345,32.60668966,33.43427586,34.26186207,35.08944828,35.91703448,36.74462069,37.5722069,38.399793100000004,39.22737931,40.05496552,40.88255172,41.71013793,42.53772414,43.36531034,44.19289655,45.02048276,45.84806897,46.67565517,47.50324138,48.33082759,49.15841379,49.986000000000004,50.207,50.702,51.302,52.007,52.816
Saint-Pierre-et-Miquelon,,,,,,,,,,,,,,,,,,,,,,,,,,,,,,,,,,,,,,,,,,
Samoa,25.4,25.4,25.4,25.4,1.0,25.4,25.4,25.4,25.4,25.4,25.4,25.4,25.4,25.4,25.4,25.4,25.4,25.4,25.4,25.4,25.4,26.6175,27.835,29.0525,30.27,31.4875,32.705,33.9225,35.14,36.3575,37.575,38.7925,40.01,41.2275,42.445,43.6625,44.88,45.144,45.669,46.191,46.708999999999996,47.223
San Marino,,,,,,,,,,,,,,,,,,,,,,,,,,,,,,,,,,,,,,,,,,
Sao Tome and Principe,31.0,31.0,31.0,31.0,11.98897173,31.0,31.0,31.0,31.0,31.0,31.0,31.0,31.0,31.0,31.0,31.0,31.0,31.0,31.0,31.0,31.0,31.0,31.96973333,32.93946667,33.9092,34.87893333,35.84866667,36.8184,37.78813333,38.75786667,39.7276,40.69733333,41.66706667,42.6368,43.60653333,44.57626667,45.54600000000001,45.746,46.159,46.601000000000006,47.07,47.567
Saudi Arabia,32.1,32.1,32.1,32.1,26.61183469,32.1,32.1,32.1,32.1,32.1,32.1,32.1,32.1,32.1,32.1,32.1,32.1,32.1,32.1,32.1,32.1,32.1,32.1,32.1,32.1,32.1,32.1,32.1,32.1,32.1,32.1,32.1,33.8746,35.6492,37.4238,39.1984,40.973,41.215,41.699,42.185,42.672,43.161
Senegal,25.2,25.2,25.2,25.2,11.90363713,25.2,25.2,25.2,25.2,24.94,24.68,24.42,24.16,23.9,24.15,24.4,24.65,24.9,25.15,25.4,25.65,25.9,26.15,26.4,26.7,27.0,27.3,27.6,27.9,28.2,28.5,28.8,29.9416,31.0832,32.2248,33.3664,34.508,34.76,35.253,35.724000000000004,36.173,36.6
Serbia,25.0,16.0,21.0,20.0,9.9,35.5,35.5,36.25583333,37.01166667,37.7675,38.52333333,39.27916667,40.035,40.79083333,41.54666667,42.3025,43.05833333,43.81416667,44.57,45.32583333,46.08166667,46.8375,47.59333333,48.34916667,49.105,49.86083333,50.61666667,44.07997789,41.82253755,40.31143463,38.82797383,43.34285451,51.0,55.2,56.6,57.4,58.175,58.406000000000006,58.873000000000005,59.349,59.835,60.32899999999999
Serbia excluding Kosovo,,,,,,,,,,,,,,,,,,,,,,,,,,,,,,,,,,,,,,,,,,
Seychelles,48.5467,48.809125,49.07155,49.333975,49.5964,49.858825,50.12125,50.383675,50.6461,50.908525,51.17095,51.433375,51.6958,51.958225,52.22065,52.483075,52.7455,53.007925,53.27035,53.532775,53.7952,54.057625,54.32005,54.582475,54.8449,55.107325,55.36975,55.632175,55.8946,56.157025,56.41945,56.681875,56.9443,57.206725,57.46915,57.731575,57.994,57.926,57.852,57.897,58.06100000000001,58.343999999999994
Sierra Leone,25.1,25.1,25.1,25.1,11.85640047,25.1,25.1,25.1,25.1,25.1,25.1,25.1,25.1,24.98,24.86,24.74,24.62,24.5,24.54285714,24.58571429,24.62857143,24.67142857,24.71428571,24.75714286,24.8,24.84285714,24.88571429,24.92857143,24.97142857,25.01428571,25.05714286,25.1,25.764,26.428,27.092,27.756,28.42,28.516,28.712,28.910999999999998,29.114,29.32
Singapore,34.0,34.0,34.0,34.0,21.78802539,34.0,34.0,34.81296667,35.62593333,36.4389,37.25186667,38.06483333,38.8778,39.69076667,40.50373333,41.3167,42.12966667,42.94263333,43.7556,44.56856667,45.38153333,46.1945,47.00746667,47.82043333,48.6334,49.44636667,50.25933333,49.0,35.1,36.8,36.1,34.9,44.0,53.0,56.0,57.4,58.388999999999996,58.873999999999995,59.818000000000005,60.711999999999996,61.556999999999995,62.352
Slovak Republic,42.1,42.4,42.7,43.0,31.85518349,43.6,43.9,44.2,44.83333333,45.46666667,46.1,46.73333333,47.36666667,48.0,48.63333333,49.26666667,49.9,50.37142857,50.84285714,51.31428571,51.78571429,52.25714286,52.72857143,53.2,53.79153846,54.1,54.0,53.8,52.0,47.5,42.5,40.5,54.0,58.0,59.0,60.3,60.89,61.31,64.36,65.66,66.71,67.84
Slovenia,36.6,36.6,36.6,36.6,20.08650588,36.6,36.6,37.52836667,38.45673333,39.3851,40.31346667,41.24183333,42.1702,43.09856667,44.02693333,44.9553,45.88366667,46.81203333,47.7404,48.66876667,49.59713333,50.5255,51.45386667,52.38223333,53.3106,54.23896667,55.16733333,52.196969700000004,50.42045455,48.76893939,47.32954545,49.09090909,55.0,61.0,62.5,63.51,64.45100000000001,64.747,65.322,65.866,66.377,66.85600000000001
Solomon Islands,25.1,25.1,25.1,25.1,24.5,25.1,25.1,25.1,25.1,25.1,25.1,25.1,25.1,25.1,25.1,25.1,25.1,25.1,25.1,25.1,25.1,26.3046875,27.509375,28.7140625,29.91875,31.1234375,32.328125,33.5328125,28.0,26.0,31.0,35.0,38.0,40.0,41.9,43.1,44.375,44.628,45.135,45.641999999999996,46.147,46.653
Somalia,29.4,29.4,29.4,29.4,15.50239727,29.4,29.4,29.4,29.4,29.4,29.4,29.4,29.4,29.4,29.4,29.4,29.4,29.4,29.4,29.4,29.4,29.4,29.4,29.4,29.4,29.4,29.4,29.4,29.4,29.4,29.4,29.4,30.1556,30.9112,31.6668,32.4224,33.178000000000004,33.381,33.787,34.192,34.594,34.994
South Africa,33.5,33.5,33.5,33.5,11.06786029,33.5,33.5,33.5,33.5,33.5,33.5,33.5,33.5,33.5,33.5,33.5,33.5,34.00235,34.5047,35.00705,35.5094,36.01175,36.5141,37.01645,37.5188,38.02115,38.5235,39.02585,39.5282,40.03055,40.5329,41.03525,41.5376,42.03995,42.5423,43.04465,43.547,43.937,44.693000000000005,45.398999999999994,46.056000000000004,46.663000000000004
South Sudan,26.665,26.665,26.665,26.665,10.31244939,26.665,26.665,26.665,26.665,26.665,26.665,26.665,26.665,26.665,26.665,26.665,26.665,26.665,26.665,26.665,26.665,26.665,26.665,26.665,26.665,26.665,26.665,26.665,26.665,26.665,26.665,26.665,26.665,26.665,26.665,26.665,26.665,26.980999999999998,27.599,28.191,28.756,29.296
Spain,42.84,43.05,43.98,42.63,30.29,41.12,39.31,42.03,44.21,44.75,46.3,46.95,47.76,48.49,48.67,49.49,49.34,49.25,51.2,51.6,52.24,52.72,50.9,47.22,47.53,47.09,48.39,47.16,52.48,54.85,56.25,57.84,57.57,59.33,61.27,61.02,61.87,61.52,64.94,65.81,67.01,66.78
Sri Lanka,29.20419281,34.44322404,32.76340818,34.35722352,28.19972676,25.452457199999998,31.08770142,32.0,36.03629535,33.22579841,37.85740626,39.65538034,38.41033771,41.53874618,37.63846883,37.42079757,38.18820257,42.14544595,44.14707329,43.25992274,41.17892658,27.75807072,42.51371096,42.63717966,43.51155934,42.63717966,44.01923224,47.05544723,47.32916183,43.76465966,43.76465966,42.88519385,45.8,53.3,53.02766667,52.75533333,52.483000000000004,53.04,54.106,55.074,55.945,56.718999999999994
Sudan,31.4,31.4,31.4,31.4,12.14366814,31.4,31.4,31.4,31.4,31.4,31.4,31.4,31.4,31.4,31.4,31.4,31.4,31.4,31.4,31.4,31.4,31.4,31.4,31.4,31.4,31.4,31.4,32.6014,33.8028,35.0042,36.2056,37.407,38.6084,39.8098,41.0112,42.2126,43.413999999999994,43.70399999999999,44.273999999999994,44.826,45.358999999999995,45.873000000000005
Suriname,32.9,32.9,32.9,32.9,29.08412881,32.9,32.9,32.9,32.9,32.9,32.9,32.9,33.77052,34.641040000000004,35.511559999999996,36.38208,37.2526,38.12312,38.99364,39.86416,40.73468,41.6052,42.47572,43.34624,44.21676,45.08728,45.9578,46.82832,47.698840000000004,48.569359999999996,49.43988,50.3104,51.18092,52.05144,52.92196,53.792480000000005,54.663000000000004,55.013999999999996,55.693999999999996,56.331,56.924,57.474
Svalbard,,,,,,,,,,,,,,,,,,,,,,,,,,,,,,,,,,,,,,,,,,
Swaziland,32.3,32.3,32.3,32.3,12.49173506,32.3,32.3,32.3,32.3,32.3,32.3,32.3,32.3,32.3,32.3,32.3,32.3,32.3,32.3,32.3,32.3,32.3,32.3,32.3,32.3,32.3,32.3,32.3,32.3,32.3,32.3,32.3,33.9396,35.5792,37.2188,38.8584,40.498000000000005,40.738,41.208999999999996,41.661,42.093999999999994,42.508
Sweden,58.26,57.2,58.22,58.9,49.81,56.57,58.81,61.03,61.05,63.0,62.0,62.56,62.79,61.59,62.27,62.32,63.19,62.69,63.95,64.83,64.98,64.86,64.61,64.63,65.57,66.4,66.74,67.03,68.97,68.72,67.74,68.34,69.51,69.47,70.73,70.8,71.14,71.37,71.86,71.9,72.36,72.6
Switzerland,55.13,55.95,56.59,55.81,46.3,54.97,54.38,57.87,58.5,60.04,59.49,59.95,60.64,60.1,60.47,60.17,61.43,61.24,61.23,62.41,62.89,62.13,63.18,63.51,63.85,64.01,63.58,64.98,65.65,65.84,64.88,65.42,66.07,66.26,67.34,67.97,68.94,68.71,69.62,69.53,70.0,70.08
Syria,31.1,31.1,31.1,31.1,25.78280558,31.1,31.1,31.1,31.1,31.1,31.1,31.1,31.1,31.1,31.1,31.1,31.1,31.1,31.1,31.1,31.1,31.1,32.19426667,33.28853333,34.3828,35.47706667,36.57133333,37.6656,38.75986667,39.85413333,40.9484,42.04266667,43.13693333,44.2312,45.32546667,46.41973333,47.513999999999996,47.805,48.383,48.953,49.515,50.07
Taiwan,31.9,28.5,30.0,31.4,26.1,31.2,27.6,30.0,36.6,35.3,37.1,34.2,37.0,39.6,40.3,40.9,41.5,41.2,41.3,42.0,42.6,42.8,42.0,42.5,43.7,43.6,43.8,45.0,44.5,44.2,43.5,41.7,43.5,46.0,50.0,52.5,54.6,55.1,58.5,60.3,62.0,62.4
Tajikistan,29.435,29.035,29.035,26.035,16.035,21.505,17.005,20.305,21.205,30.105,32.605,31.705,34.905,34.24038814,35.74837427,34.50585797,33.82385174,28.035,20.035,16.035,36.18662426,37.74397279,39.41307428,38.42166569,40.10628107,42.505,40.035,29.7,25.7,24.7,32.7,40.2,47.035,39.035,47.105,49.905,52.205,52.415,52.833999999999996,53.251999999999995,53.668,54.083
Tanzania,32.2,32.2,32.2,32.2,12.45306096,32.2,32.2,32.2,32.2,32.2,32.2,32.2,32.2,32.2,32.2,32.2,32.2,32.2,32.2,32.2,32.2,32.2,32.2,32.2,32.2,32.2,32.2,32.2,32.2,32.2,32.2,32.2,33.8404,35.4808,37.1212,38.7616,40.402,40.626999999999995,41.063,41.474,41.858999999999995,42.218
Thailand,30.4,30.4,30.4,30.4,19.48105799,30.4,30.4,30.4,30.4,30.4,30.4,30.4,30.4,30.4,30.4,30.4,30.4,31.81428571,33.22857143,34.64285714,36.05714286,37.47142857,38.88571429,40.3,40.3,40.3,39.3,38.3,38.3,38.3,38.1,39.33333333,40.56666667,41.8,49.9,50.3815,50.863,51.023999999999994,51.36600000000001,51.745,52.16,52.611999999999995
Timor-Leste,28.949,28.949,28.949,28.949,9.398364277999999,28.949,28.949,28.949,28.949,28.949,28.949,28.949,28.949,28.949,28.949,28.949,28.949,28.949,28.949,28.949,28.949,28.949,28.949,28.949,28.949,28.949,28.949,28.949,21.0,19.0,16.0,15.0,20.0,26.0,28.949,28.949,28.949,29.201999999999998,29.708000000000002,30.212,30.715999999999998,31.218000000000004
Togo,31.3,31.3,31.3,31.3,12.10499403,31.3,31.3,31.3,31.3,31.3,31.3,31.3,31.3,31.3,31.3,31.3,31.3,31.3,31.3,31.3,31.3,31.3,31.3,31.3,31.3,31.3,31.3,31.3,31.3,31.3,31.3,31.3,31.8254,32.3508,32.8762,33.4016,33.927,34.273,34.963,35.647,36.327,37.001
Tokelau,,,,,,,,,,,,,,,,,,,,,,,,,,,,,,,,,,,,,,,,,,
Tonga,28.2,28.2,28.2,28.2,5.837612986,28.2,28.2,28.2,28.2,28.2,28.2,28.2,29.38908,30.578159999999997,31.76724,32.95632,34.1454,35.33448,36.523559999999996,37.71264,38.901720000000005,40.0908,41.27988,42.468959999999996,43.65804,44.847120000000004,46.0362,47.22528,48.414359999999995,49.60344,50.79252,51.9816,53.170680000000004,54.359759999999994,55.548840000000006,56.737919999999995,57.927,58.106,58.467,58.82899999999999,59.193000000000005,59.558
Trinidad and Tobago,38.8,38.8,38.8,38.8,25.1641432,38.8,38.8,38.8,39.49,40.18,40.87,41.56,42.25,42.94,43.63,44.32,45.01,45.7,46.28666667,46.87333333,47.46,48.04666667,48.63333333,49.22,49.80666667,50.39333333,50.98,51.56666667,52.15333333,52.74,53.32666667,53.91333333,54.5,55.0975,55.695,56.2925,56.89,57.11600000000001,57.592,58.111000000000004,58.674,59.278999999999996
Tunisia,28.8,28.8,28.8,28.8,22.04036152,28.8,28.8,28.8,28.8,28.8,29.041999999999998,29.284000000000002,29.526,29.768,30.01,30.252,30.494,30.736,30.978,31.22,31.63142857,32.04285714,32.45428571,32.86571429,33.27714286,33.68857143,34.1,33.0,27.0,25.0,26.0,27.5,35.0,37.0,37.41833333,37.83666667,38.255,38.367,38.611,38.891999999999996,39.211999999999996,39.569
Turkey,27.0,7.0,19.0,22.0,19.06766972,30.0,29.0,29.0,33.0,35.0,35.0,35.0,35.0,35.0,35.0,35.0,35.0,35.06142857,35.12285714,35.18428571,35.24571429,35.30714286,35.36857143,35.43,34.611999999999995,33.794000000000004,32.976,32.158,31.34,32.692,34.044000000000004,35.396,36.748000000000005,38.1,38.79033333,39.48066667,40.171,40.36,40.758,41.196999999999996,41.677,42.198
Turkmenistan,27.656,27.256,27.256,24.256,14.255999999999998,19.726,15.225999999999999,18.526,19.426,28.326,30.826,29.926,33.126,32.46138814,33.96937427,32.72685797,32.04485174,26.256,18.256,14.255999999999998,34.40762426,35.96497279,37.63407428,36.64266569,38.32728107,40.726,38.256,27.5,23.5,22.5,30.5,38.0,45.256,37.256,45.326,48.126000000000005,50.426,50.641999999999996,51.073,51.501999999999995,51.928999999999995,52.353
Turks and Caicos Islands,,,,,,,,,,,,,,,,,,,,,,,,,,,,,,,,,,,,,,,,,,
Tuvalu,,,,,,,,,,,,,,,,,,,,,,,,,,,,,,,,,,,,,,,,,,
Uganda,25.3,25.3,25.3,25.3,9.784547893,25.3,25.3,25.3,25.3,25.02,24.74,24.46,24.18,23.9,24.15,24.4,24.65,24.9,25.15,25.4,25.65,25.9,26.15,26.4,26.7,27.0,27.3,27.6,27.9,28.2,28.5,28.8,30.8372,32.8744,34.9116,36.9488,38.986,39.236,39.738,40.246,40.759,41.278
Ukraine,40.55,35.0,35.0,33.0,29.0,31.0,28.05,31.35,32.25,41.15,43.65,42.75,45.95,45.05,46.65,44.75,44.7,45.7,36.95,9.05,39.75,49.6,50.3,49.05,50.3,50.1,49.9,24.95,19.55,18.25,28.95,35.55,55.3,45.25,57.9,60.7,62.65,62.3,63.05,63.75,64.55,66.4
United Arab Emirates,30.7,30.7,30.7,30.7,25.45119393,30.7,30.7,30.7,30.7,30.7,30.7,30.7,30.7,30.7,30.7,30.7,30.7,30.7,30.7,30.7,30.7,30.7,30.7,30.7,30.7,30.7,30.7,30.7,30.7,30.7,30.7,30.7,32.8426,34.9852,37.1278,39.2704,41.413000000000004,42.028999999999996,43.248000000000005,44.445,45.618,46.768
United Kingdom,51.99,48.2,47.73,45.57,40.43,54.12,56.6,58.35,57.13,59.4,58.17,58.51,59.66,59.04,59.99,57.71,60.89,60.11,60.63,60.67,61.4,62.05,61.85,61.88,63.3,63.69,60.97,61.37,63.99,64.01,64.85,65.85,66.47,66.44,68.5,68.19,68.7,68.3,69.6,69.87,70.24,70.21
United States,54.6,55.1,54.2,54.0,47.2,55.3,55.4,58.2,58.1,57.5,58.5,58.5,57.9,59.4,58.3,58.5,59.6,60.3,61.0,60.96,60.29,60.94,60.4,61.1,62.43,63.12,63.28,63.84,64.63,64.34,65.13,65.63,66.33,66.73,67.3,67.68,68.12,68.22,68.44,68.79,69.58,69.63
Uruguay,32.9,32.9,32.9,32.9,30.59916307,32.9,32.9,32.9,32.9,32.9,32.9,32.9,34.216159999999995,35.53232,36.84848,38.164640000000006,39.4808,40.79696,42.11312,43.42928,44.74544,46.0616,47.377759999999995,48.69392,50.01008,51.326240000000006,52.6424,53.95856,55.274719999999995,56.590880000000006,57.90704,59.2232,60.539359999999995,61.85552,63.17168,64.48784,65.804,65.868,66.007,66.169,66.35300000000001,66.559
Uzbekistan,32.126,31.726,31.726,28.726,18.726,24.195999999999998,19.695999999999998,22.996,23.896,32.796,35.296,34.396,37.596,36.93138814,38.43937427,37.19685797,36.51485174,30.726,22.726,18.726,38.87762426,40.43497279,42.10407428,41.11266569,42.79728107,45.196000000000005,42.726000000000006,30.2,26.0,24.0,33.4,40.9,49.726000000000006,41.726000000000006,49.79600000000001,52.596000000000004,54.896,55.114,55.548,55.981,56.411,56.839
Wallis et Futuna,,,,,,,,,,,,,,,,,,,,,,,,,,,,,,,,,,,,,,,,,,
Vanuatu,24.3,24.3,24.3,24.3,24.3,24.3,24.3,24.3,24.3,24.3,24.3,24.3,24.3,24.3,24.3,24.3,24.3,24.3,24.3,24.3,24.3,25.3279375,26.355875,27.3838125,28.41175,29.4396875,30.467625,31.4955625,32.5235,33.5514375,34.579375,35.6073125,36.63525,37.6631875,38.691125,39.7190625,40.747,41.045,41.643,42.24100000000001,42.839,43.438
Venezuela,32.2,32.2,32.2,32.2,29.13576486,32.2,32.2,32.2,32.2,32.2,32.2,32.2,32.2,32.37,32.54,32.71,32.88,33.05,33.22,33.39,33.56,33.73,33.9,35.1,36.3,37.5,38.7,39.9,41.47177778,43.04355556,44.61533333,46.18711111,47.75888889,49.33066667,50.90244444,52.47422222,54.04600000000001,54.32899999999999,54.897,55.467,56.04,56.614
West Bank and Gaza,32.1,32.1,32.1,32.1,26.61183469,32.1,32.1,32.1,32.1,32.1,32.1,32.1,32.1,32.1,32.1,32.1,32.1,32.1,32.1,32.1,32.1,32.1,33.03473333,33.96946667,34.9042,35.83893333,36.77366667,37.7084,38.64313333,39.57786667,40.5126,41.44733333,42.38206667,43.3168,44.25153333,45.18626667,46.121,46.214,46.418,46.657,46.931000000000004,47.24
Western Sahara,34.753,34.753,34.753,34.753,13.44041079,34.753,34.753,34.753,34.753,34.753,34.753,34.753,34.753,34.753,34.753,34.753,34.753,34.753,34.753,34.753,34.753,34.753,34.753,34.753,34.753,34.753,34.753,34.753,34.753,34.753,34.753,34.753,34.753,34.753,34.753,34.753,34.753,34.946,35.330999999999996,35.715,36.097,36.478
Vietnam,32.0,32.0,32.0,32.0,20.50637683,32.0,32.0,32.0,32.0,32.0,32.0,32.0,32.0,32.0,32.0,32.0,32.0,32.16666667,32.33333333,32.5,32.66666667,32.83333333,33.0,34.34642857,35.69285714,37.03928571,36.0,35.1,34.5,33.0,27.0,17.0,36.0,42.0,47.0,50.0,51.85,52.281000000000006,53.129,53.95,54.744,55.511
Virgin Islands (U.S.),33.403,33.403,33.403,33.403,21.66386277,33.403,33.403,33.403,34.23058621,35.05817241,35.88575862,36.71334483,37.54093103,38.36851724,39.19610345,40.02368966,40.85127586,41.67886207,42.50644828,43.33403448,44.16162069,44.9892069,45.816793100000005,46.64437931,47.47196552,48.29955172,49.12713793,49.95472414,50.78231034,51.60989655,52.43748276,53.26506897,54.09265517,54.92024138,55.74782759,56.57541379,57.403,57.903999999999996,58.865,59.743,60.538000000000004,61.251000000000005
"Yemen, Rep.",23.386999999999997,23.386999999999997,23.386999999999997,23.386999999999997,19.38850399,23.386999999999997,23.386999999999997,23.386999999999997,23.386999999999997,23.386999999999997,23.386999999999997,23.386999999999997,23.386999999999997,23.386999999999997,23.386999999999997,23.386999999999997,23.386999999999997,23.386999999999997,23.386999999999997,23.386999999999997,23.386999999999997,23.386999999999997,23.386999999999997,23.386999999999997,23.386999999999997,23.386999999999997,23.386999999999997,23.386999999999997,23.386999999999997,23.386999999999997,23.386999999999997,23.386999999999997,23.386999999999997,23.386999999999997,23.386999999999997,23.386999999999997,23.386999999999997,23.86,24.808000000000003,25.756,26.704,27.653000000000002
Zambia,32.6,32.6,32.6,32.6,12.60775736,32.6,32.6,32.6,32.6,32.6,32.6,32.6,32.6,32.6,32.6,32.6,32.6,32.6,32.6,32.6,32.6,32.6,32.6,32.6,32.6,32.6,32.6,32.6,32.6,32.6,32.6,32.6,34.3272,36.0544,37.7816,39.5088,41.236000000000004,41.445,41.863,42.278999999999996,42.693999999999996,43.108000000000004
Zimbabwe,33.7,33.7,33.7,33.7,17.03036347,33.7,33.7,33.7,33.7,33.7,33.7,33.7,33.7,33.7,33.7,33.7,33.7,33.7,33.7,33.7,33.7,33.7,33.7,33.7,33.7,33.7,33.7,35.0991,36.4982,37.8973,39.2964,40.6955,42.0946,43.4937,44.8928,46.2919,47.691,47.905,48.331,48.753,49.17100000000001,49.583999999999996
land,,,,,,,,,,,,,,,,,,,,,,,,,,,,,,,,,,,,,,,,,,
