country,year_1920,year_1921,year_1922,year_1923,year_1924,year_1925,year_1926,year_1927,year_1928,year_1929,year_1930,year_1931,year_1932,year_1933,year_1934,year_1935,year_1936,year_1937,year_1938,year_1939,year_1940,year_1941,year_1942,year_1943,year_1944,year_1945,year_1946,year_1947,year_1948,year_1949,year_1950,year_1951,year_1952,year_1953,year_1954,year_1955
Abkhazia,,,,,,,,,,,,,,,,,,,,,,,,,,,,,,,,,,,,
Afghanistan,,,,,,,,,,,,,,,,,,,,,,,,,,,,,,,8151455,8276820,8407148,8542906,8684494,8832253
Akrotiri and Dhekelia,,,,,,,,,,,,,,,,,,,,,,,,,,,,,,,,,,,,
Albania,932000,937000,942000,947000,952000,956000,962000,967000,972000,977000,982000,988000,993000,998000,1003000,1009000,1014000,1030000,1040000,1070000,1088000,1100000,1117000,1119000,1122000,1138000,1154000,1175000,1192000,1209000,1215002,1239971,1269302,1302536,1339240,1378998
Algeria,,,,,,,,,,,,,,,,,,,,,,,,,,,,,,,8752997,8953373,9140990,9326099,9515990,9715002
American Samoa,8100,,,,,,,,,,10000,,,,,,,,,,13000,,,,,,,,,,18937,19287,19525,19659,19706,19688
Andorra,,,,,,,,,,,,,,,,,,,,,,,,,,,,,,,6197,6692,7247,7856,8514,9217
Angola,,,,,,,,,,,,,,,,,,,,,3738000,,,,,,,,,,4147509,4219332,4296534,4376947,4458962,4541519
Anguilla,,,,,,,,,,,,,,,,,,,,,,,,,,,,,,,5121,5297,5438,5549,5635,5697
Antigua and Barbuda,,30000,,,,,,,,,,,,,,,,,,,,,,,,,42000,,,,46301,48316,49906,51117,52002,52625
Argentina,8861000,9092000,9368000,9707000,10054000,10358000,10652000,10965000,11282000,11592000,11896000,12167000,12402000,12623000,12834000,13044000,13260000,13490000,13724000,13984000,14169000,14402000,14638000,14877000,15130000,15390000,15654000,15942000,16307000,16737000,17150335,17506378,17865382,18223955,18579614,18930778
Armenia,,,,,,,,,,,,,,,,,,,,,,,,,,,,,,,1353506,1382982,1419913,1463017,1511188,1563508
Aruba,,,,,,,,,,,,,,,,,,,,,,,,,,,,,,,38066,38263,38966,40151,41765,43729
Australia,5358000,5461000,5574000,5697000,5819000,5943000,6064000,6188000,6304000,6396000,6469000,6527000,6579000,6631000,6682000,6732000,6783000,6841000,6904000,6971000,7042000,7111000,7173000,7236000,7309000,7389000,7474000,7578000,7715000,7919000,8177344,8398540,8604679,8804552,9004634,9209085
Austria,6455000,6504000,6528000,6543000,6562000,6582000,6603000,6623000,6643000,6664000,6684000,6705000,6725000,6746000,6760000,6761000,6758000,6755000,6753000,6653000,6705000,6745000,6783000,6808000,6834000,6799000,7000000,6971000,6956000,6943000,6936445,6930746,6929474,6931618,6936580,6944174
Azerbaijan,,,,,,,,,,,,,,,,,,,,,,,,,,,,,,,2895997,2964962,3044695,3132625,3226823,3326002
Bahamas,,53000,,,,,,,,,,60000,,,,,,,,,,,,69000,,,,,,,79088,79982,81426,83368,85773,88616
Bahrain,,,,,,,,,,,,,,,,,,,,,,,,,,,,,,,115612,116860,119567,123402,128072,133321
Bangladesh,,,,,,,,,,34427000,,,,,,,,,,,,38173021,,,,,37894678,,,,37894678,39112507,40207573,41257838,42322978,43444382
Barbados,,157000,,,,,,,,,,,,,,,,,,,,,,,,,194000,,,,210995,215673,219587,222747,225194,226999
Belarus,,,,,,,,,,,,,,,,,,,,,,,,,,,,,,,7745003,7717670,7710974,7724055,7755530,7803500
Belgium,7552000,7504000,7571000,7635000,7707000,7779000,7844000,7904000,7968000,8032000,8076000,8126000,8186000,8231000,8262000,8288000,8315000,8346000,8374000,8392000,8346000,8276000,8247000,8242000,8291000,8339000,8367000,8450000,8557000,8614000,8628489,8665736,8710135,8759521,8812159,8866744
Belize,,45000,,,,,,,,,,51000,,,,,,,,,,,,,,,59000,,,,68918,71147,73295,75437,77630,79909
Benin,,,,,,,,,,,,,,,,,,,,,,,,,,,,,,,2255222,2258097,2264492,2274125,2286767,2302243
Bermuda,,20000,,,,,,,,,,28000,,,,,,,,31000,,,,,,,,,,,37260,37793,38424,39122,39865,40637
Bhutan,,,,,,,,,,,,,,,,,,,,,,,,,,,,,,,168377,174400,180287,186067,191769,197421
Bolivia,2136000,2161000,2186000,2212000,2237000,2263000,2289000,2316000,2343000,2370000,2397000,2425000,2453000,2482000,2511000,2540000,2569000,2599000,2629000,2659000,2690000,2721000,2753000,2785000,2817000,2850000,2883000,2916000,2950000,2984000,2713630,2767960,2824538,2883362,2944416,3007667
Bosnia and Herzegovina,,,,,,,,,,,,,,,,,,,,,,,,,,,,,,,2661293,2720515,2779107,2836208,2891241,2943905
Botswana,,153000,,,,,,,,,,,,,,,266000,,,,,,,,,,296000,,,,412533,425268,437177,448428,459195,469656
Brazil,27404000,27969000,28542000,29126000,29723000,30332000,30953000,31587000,32234000,32894000,33568000,34256000,34957000,35673000,36404000,37150000,37911000,38687000,39480000,40289000,41114000,42069000,43069000,44093000,45141000,46215000,47313000,48438000,49590000,50769000,53974725,55669001,57422674,59215974,61036582,62879616
British Virgin Islands,,5100,,,,,,,,,,,,,,,,,,,,,,,,,6500,,,,7441,7501,7548,7586,7623,7661
Brunei,,26000,,,,,,,,,,30000,,,,,,,,,,,,,,,,41000,,,48001,51070,54083,57085,60113,63194
Bulgaria,5072000,5148000,5255000,5365000,5476000,5590000,5705000,5798000,5873000,5950000,6027000,6106000,6186000,6267000,6349000,6415000,6469000,6514000,6564000,6614000,6666000,6715000,6771000,6828000,6885000,6942000,7000000,7064000,7130000,7195000,7250999,7282560,7324411,7375320,7433978,7499009
Burkina Faso,,,,,,,,,,,,,,,,,,,,,,,,,,,,,,,4284459,4326475,4371948,4421583,4475785,4534650
Burundi,,,,,,,,,,,,,,,,,,,,,,,,,,,,,,,2456300,2504993,2550737,2595383,2640339,2686568
Cambodia,,,,,,,,,,,,,,,,,,,,,,,,,,,,,,,4345800,4457418,4555803,4648644,4741920,4839899
Cameroon,,,,,,,2547668,,,,,3023000,,,,,3241694,,,,,,,,,,,,,,4466497,4549464,4634190,4720787,4809464,4900528
Canada,8798000,9028000,9159000,9256000,9394000,9549000,9713000,9905000,10107000,10305000,10488000,10657000,10794000,10919000,11030000,11136000,11243000,11341000,11452000,11570000,11688000,11818000,11969000,12115000,12268000,12404000,12634000,12901000,13180000,13469000,13736997,14132558,14518772,14909614,15314040,15735988
Cape Verde,,,,,,,,,,,,,,,,,,,,,,,,,,,,,,,178064,181974,185568,188848,191854,194664
Cayman Islands,,5300,,,,,,,,,,,,,,,,,,,,,,6700,,,,,,,6413,6265,6247,6335,6508,6742
Central African Rep.,,,,,,,,,,,,,,,,,834000,,,,,,,,,,,,,,1326653,1339842,1353471,1367806,1383081,1399497
Chad,,,,,,,,,,,,,,,,,1432000,,,,,,,,,,,,,,2429431,2472725,2519184,2568013,2618633,2670681
Channel Islands,,,,,,,,,,,,,,,,,,,,,,,,,,,,,,,102235,102940,103614,104267,104912,105559
Chile,3722598,3768846,3816561,3865863,3916875,3969721,4024523,4081406,4140494,4201905,4265756,4332156,4401207,4473001,4547615,4625112,4705534,4788901,4875203,4964398,5056404,5151095,5248293,5347758,5449185,5552190,5656303,5760959,5865486,5969096,6081931,6194334,6321806,6461332,6610525,6767613
China,472000000,473673000,475352000,477037000,478728000,480425000,482128000,483837000,485552000,487273000,489000000,492640000,496307000,500000000,502639000,505292000,507959000,510640000,513336000,516046000,518770000,521508000,524261000,527028000,529810000,532607000,535418000,538244000,541085000,543941000,550771433,566170868,578489714,589018891,598746873,608359685
Christmas Island,,,,,,,,,,,,,,,,,,,,,,,,500,,,,,,,,,,,,
Cocos Island,,,,,,,,,,,,,,,,,,,,,,,,,,,,,,,,,,,,
Colombia,6213000,6374000,6539000,6709000,6882000,7061000,7243000,7431000,7624000,7821000,7914000,8009000,8104000,8201000,8299000,8398000,8498000,8599000,8702000,8935000,9174000,9419000,9671000,9930000,10196000,10469000,10749000,11036000,11332000,11635000,11999600,12344434,12697334,13060599,13436142,13825474
Comoros,,,,,,,,,,,,,,,,,,,,,,,,,,,,,,,156334,160463,164338,168046,171660,175230
"Congo, Dem. Rep.",,,,,,,,,,,,,,,,,,,,,,,,,,,,,,,12183661,12441551,12706358,12982427,13273008,13580254
"Congo, Rep.",,,,,,,,,,,,,,,,,,,,,,,,,,,,,,,807726,824173,841524,859753,878851,898831
Cook Islands,,9500,,,,,10000,,,,,,,,,,12000,,,,,,,,,14000,,,,,15079,15410,15638,15841,16075,16373
Costa Rica,420000,,,,,,,,,,,,,,,,,,,,,,,,,,,,,,966015,994255,1025278,1058424,1093226,1129406
Cote d'Ivoire,,,,,,,,,,,,,,,,,,,,,,,,,,,,,,,2630132,2708840,2793262,2882232,2975083,3071653
Croatia,,,,,,,,,,,,,,,,,,,,,,,,,,,,,,,3850295,3875666,3900723,3924560,3946581,3966497
Cuba,2997000,3083000,3170000,3257000,3345000,3432000,3519000,3606000,3693000,3742000,3837000,3910000,3984000,4060000,4137000,4221000,4289000,4357000,4428000,4497000,4566000,4635000,4704000,4779000,4849000,4932000,5039000,5152000,5268000,5386000,5919997,6049922,6177490,6300986,6419791,6534381
Cyprus,,311000,,,,,,,,,,348000,,,,,,,,,,,,,,,450000,,,,494014,500377,506628,513440,521199,529991
Czech Rep.,,,,,,,,,,,,,,,,,,,,,,,,,,,,,,,8876260,8957188,9036508,9112988,9185663,9253842
Czechoslovakia,12979000,13008000,13159000,13293000,13413000,13537000,13644000,13728000,13807000,13884000,13964000,14052000,14138000,14216000,14282000,14339000,14387000,14429000,14603000,14683000,14713000,14671000,14577000,14538000,14593000,14152000,12916000,12164000,12339000,12339000,12388568,12531868,12683320,12819669,12952054,13092570
Denmark,3242000,3285000,3322000,3356000,3389000,3425000,3452000,3475000,3497000,3518000,3542000,3569000,3603000,3633000,3666000,3695000,3722000,3749000,3777000,3805000,3832000,3863000,3903000,3949000,3998000,4045000,4101000,4146000,4190000,4230000,4268270,4308125,4344863,4378663,4409858,4438935
Djibouti,,,,,,,,,,,,,,,,,,,,,,,,,,,,,,,62001,63464,65022,66649,68353,70178
Dominica,,37000,,,,,,,,,,,,,,,,,,,,,,,,,48000,,,,51101,51706,52298,52945,53690,54557
Dominican Rep.,879000,912000,946000,981000,1017000,1054000,1092000,1131000,1172000,1213000,1256000,1300000,1345000,1391000,1438000,1484000,1520000,1558000,1596000,1634000,1674000,1715000,1757000,1800000,1844000,1889000,1935000,1982000,2031000,2080000,2380116,2453032,2531372,2614665,2702503,2794531
East Germany,,,,,,,,,,,,,,,,,15614000,,,,,,,,,,,,,,18388000,,,,,
Ecuador,1790000,1805000,1820000,1835000,1850000,1865000,1881000,1896000,1912000,1928000,1944000,1995000,2050000,2095000,2140000,2196000,2249000,2298000,2355000,2412000,2466000,2541000,2575000,2641000,2712000,2781000,2853000,2936000,3017000,3104000,3387357,3475475,3566804,3661499,3759759,3861808
Egypt,,,,,,,,,,,,,,,,,,,,,,,,,,,,,,,21514023,22048587,22607727,23191489,23799589,24431420
El Salvador,1170000,,,,,,,,,,,,,,,,,,,,,,,,,,,,,,2199897,2236298,2278493,2325449,2376483,2431261
Equatorial Guinea,112000,,,,,,,,,,,,167000,,,,,,,,,,171000,,,,,,,,225536,230057,232759,234513,235994,237677
Eritrea,,,,,,,,,,,,,,,,,,,,,,,,,,,,,,,1141300,1162455,1185426,1210063,1236248,1263899
Eritrea and Ethiopia,,,,,,,,,,,,,,,,,,,,,,,,,,,,,,,21577072,21931687,22299701,22681589,23077851,23489007
Estonia,,,,,,,,,,,,,,,,,,,,,,,,,,,,,,,1100998,1113922,1126280,1138038,1149241,1160002
Ethiopia,,,,,,,,,,,,,,,,,,,,,,,,,,,,,,,18433866,18788330,19150885,19522300,19903919,20297664
Faeroe Islands,,,,,,,,,,,,,,,,,,,,,,,,,,,,,,,31504,31304,31249,31335,31551,31879
Falkland Islands (Malvinas),,,,,,,,,,,,,,,,,,,,,,,,,,,,,,,2261,2247,2235,2224,2213,2202
Fiji,,157000,,,,,,,,,,,,,,,198000,,,,,,,,,,260000,,,,288993,296204,304808,314345,324471,334964
Finland,3133000,3170000,3210000,3243000,3272000,3304000,3339000,3368000,3396000,3424000,3449000,3476000,3503000,3526000,3549000,3576000,3601000,3626000,3656000,3686000,3698000,3702000,3708000,3721000,3735000,3758000,3806000,3859000,3912000,3963000,4009003,4049971,4095096,4142102,4189185,4235002
France,39000000,39240000,39420000,39880000,40310000,40610000,40870000,40940000,41050000,41230000,41610000,41860000,41860000,41890000,41950000,41940000,41910000,41930000,41960000,41900000,41000000,39600000,39400000,39000000,38900000,39700000,40290000,40680000,41110000,41480000,41831805,42037803,42328940,42672812,43045963,43433879
French Guiana,,,,,,,,,,,,,,,,,,,,,,,,,,,,,,,25479,26225,26867,27444,27994,28547
French Polynesia,,,,,,,36000,,,,,40000,,,,,44000,,,,,,,,,,55000,,,,60696,62583,64335,66019,67690,69394
Gabon,,,,,,,,,,,,,,,,,,,,,,,,,,,,,,,469000,469553,470676,472159,473845,475629
Gambia,,,,,,,,,,,,,,,,,,,,,,,,,,,,,,,271372,272968,277411,284608,294310,306119
Georgia,,,,,,,,,,,,,,,,,,,,,,,,,,,,,,,3527004,3584762,3646426,3710244,3774898,3839498
Germany,60894000,61573000,61900000,62307000,62697000,63166000,63630000,64023000,64393000,64739000,65084000,65423000,65716000,66027000,66409000,66871000,67349000,67831000,68558000,69286000,69835000,70244000,70834000,70411000,69865000,67000000,64678000,66094000,67295000,67991000,68376002,68713920,69086530,69483349,69897556,70325997
Ghana,,,,,,,,,,,,,,,,,,,,,,,,,,,,,,,4980879,5088932,5229464,5392178,5568967,5753908
Gibraltar,,,,,,,,,,,,,,,,,,,,,,,,,,,,,,,20497,20641,20769,20874,20955,21015
Greece,5700000,5837000,5890000,6010000,6000000,5958000,6042000,6127000,6205000,6275000,6351000,6440000,6516000,6591000,6688000,6793000,6886000,6973000,7061000,7156000,7280000,7362000,7339000,7297000,7284000,7322000,7418000,7529000,7749000,7856000,7566002,7646718,7725959,7805207,7885213,7965998
Greenland,,,,,,,,,,,,,,,,,,,,,,,,,,,,,,,22998,23449,23982,24635,25433,26383
Grenada,,66000,,,,,,,,,,,,,,,,,,,,,,,,,72000,,,,76676,76619,77122,78087,79414,81009
Guadeloupe,,,,,,,,,,,,,,,,,,,,,,,,,,,,,,,209999,213099,217331,222672,229031,236253
Guam,14000,,,,,,,,,,19000,,,,,,,,,,22000,,,,,,,,,,59650,60366,61068,61744,62400,63049
Guatemala,1692260,1710274,1728288,1746302,1764316,1782330,1800344,1819418,1838491,1857565,1876639,1917965,1970947,2023930,2055719,2098105,2140491,2193474,2235860,2278246,2331228,2384211,2437193,2479579,2532562,2585544,2649123,2723298,2797474,2882246,3146073,3239086,3333591,3429673,3527441,3627032
Guernsey,,,,,,,,,,,,,,,,,,,,,,,,,,,,,,,45347,45537,45725,45898,46038,46161
Guinea,,,,,,,,,,,,,,,,,,,,,,,,,,,,,,,3093652,3139830,3181059,3220178,3259387,3300253
Guinea-Bissau,,,,,,,,,,,,,,,,,,,,,,,,,,,,,,,518171,527433,537445,547552,557230,566087
Guyana,,,,,,,,,,,,,,,,,,,,,,,,,,,,,,,406562,423477,439117,454032,468658,483310
Haiti,2124000,2152000,2181000,2209000,2239000,2268000,2298000,2328000,2359000,2390000,2422000,2453000,2485000,2517000,2549000,2582000,2615000,2648000,2682000,2716000,2751000,2786000,2820000,2856000,2892000,2928000,2961000,2994000,3028000,3062000,3221277,3275552,3331968,3390630,3451618,3514984
Holy See,,,,,,,,,,,,,,,,,,,,,,,,,,,,,,,905,887,884,889,897,905
Honduras,720000,740000,770000,800000,820000,850000,880000,890000,910000,930000,950000,970000,990000,1010000,1020000,1040000,1060000,1080000,1100000,1120000,1150000,1170000,1200000,1210000,1240000,1260000,1290000,1320000,1350000,1390000,1487235,1524916,1568190,1615241,1664744,1715862
"Hong Kong, China",648000,625000,638000,668000,696000,725000,710000,725000,753000,785000,821000,840000,901000,923000,944000,966000,988000,1282000,1479000,1750000,1786000,1639000,,,,,1550000,1750000,1800000,1857000,1973998,2036119,2133544,2249255,2370729,2489955
Hungary,7950000,8029000,8103000,8173000,8232000,8299000,8383000,8454000,8520000,8583000,8649000,8723000,8785000,8848000,8919000,8985000,9046000,9107000,9167000,9227000,9287000,9344000,9396000,9442000,9497000,9024000,9042000,9079000,9158000,9250000,9337723,9478369,9594893,9689536,9764807,9823485
Iceland,,,,,,,,,,,,,,,,,,,,,,,,,,,,,,,142998,145288,148044,151148,154496,158002
India,,,,,,,,,,275861000,,,,,,,,,,,,321565000,,,,,340857000,346000000,350000000,355000000,371856500,378201181,384822769,391724533,398908212,406374020
Indonesia,50864527,51474261,52092517,52720240,53355538,54001250,54655484,55320132,55993301,56677832,57371831,58223944,59079844,59945213,60827623,61723289,62634103,63563853,64505912,65465959,66441155,67521445,68618778,69413136,69650781,69430179,70187613,71147660,72229844,73522215,74837310,75978352,77258010,78674341,80223922,81901847
Iran,,,,,,,,,,,,,,,,,,,,,,,,,,,,,,,17414215,17772538,18153564,18557412,18984036,19433222
Iraq,,,,,,,,,,,,,,,,,,,,,,,,,,,,,,,5719192,5915805,6092562,6255685,6410642,6562134
Ireland,3103000,3096000,3002000,3014000,3005000,2985000,2971000,2957000,2944000,2937000,2927000,2933000,2949000,2962000,2971000,2971000,2967000,2948000,2937000,2934000,2958000,2993000,2963000,2946000,2944000,2952000,2957000,2974000,2985000,2981000,2913093,2920750,2923770,2921444,2913706,2901135
Isle of Man,,,,,,,,,,,,,,,,,,,,,,,,,,,,,,,55253,55265,54907,54259,53400,52411
Israel,,,455836,,,,,,,,,588805,611936,649925,689309,744301,775728,797281,816723,860556,889866,915868,940120,971687,1005926,1043684,1084877,,,,1257970,1354111,1451533,1546309,1635879,1719060
Italy,37398000,37691000,38086000,38460000,38810000,39165000,39502000,39848000,40186000,40469000,40791000,41132000,41431000,41753000,42093000,42429000,42750000,43068000,43419000,43865000,44341000,44734000,45004000,45177000,45290000,45442000,45725000,46040000,46381000,46733000,46366767,46786118,47171699,47522671,47841004,48131479
Jamaica,855000,860000,879000,891000,900000,910000,930000,946000,966000,985000,1009000,1039000,1061000,1082000,1098000,1113000,1130000,1142000,1163000,1191000,1212000,1230000,1254000,1249000,1259000,1266000,1298000,1327000,1350000,1374000,1402896,1436715,1468075,1496181,1520687,1541708
Japan,55818000,56490000,57209000,57937000,58686000,59522000,60490000,61430000,62361000,63244000,64203000,65205000,66189000,67182000,68090000,69238000,70171000,71278000,71879000,72364000,72967000,74005000,75029000,76005000,77178000,76224000,77199000,78119000,80155000,81971000,82199470,83794117,85174302,86377203,87437837,88389061
Jersey,,,,,,,,,,,,,,,,,,,,,,,,,,,,,,,56824,57451,58085,58702,59285,59850
Jordan,,,,,,,,,,,,,,,,,,,,,,,,,,,,,,,448861,503766,543439,576884,610705,649110
Kazakhstan,,,,,,,,,,,,,,,,,,,,,,,,,,,,,,,6702996,6831158,7041605,7315507,7636765,7992002
Kenya,,2574000,,,,,,,,,,3041000,,,,,,,,,,,,,,,,,,5406000,6076757,6240179,6412384,6593131,6782310,6979952
Kiribati,,,,,,,,,,,,,,,,,,,,,,,,,,,,,,,26100,26632,27158,27706,28298,28943
"Korea, Dem. Rep.",,,,,,,,,,,,,,,,,,,,,,,,,,,,,,,9736822,9559286,9458418,9438059,9497569,9631831
"Korea, Rep.",11804000,12040000,12281000,12526000,12777000,13005000,13179000,13356000,13535000,13716000,13900000,14117000,14338000,14562000,14789000,15020000,15139000,15260000,15381000,15504000,15627000,15859000,16094000,16332000,16574000,16881440,18249518,18736637,18869487,19040026,19211386,19304677,19566709,19978822,20520266,21168216
"Korea, United",,,,,,,,,,,,,,,,,,,,,,,,,,,,,,,30316911,30038599,29813059,29640337,29830641,30391261
Kosovo,,,,,,,,,,,,,,,,,,,,,,,,,,,,,,,1199357,1214370,1226147,1242332,1259363,1277061
Kuwait,,,,,,,,,,,,,,,,,,,,,,,,,,,,,,,152251,164017,174287,182833,189856,195987
Kyrgyzstan,,,,,,,,,,,,,,,,,,,,,,,,,,,,,,,1740000,1763226,1791952,1825123,1862068,1902499
Laos,,,,,,,,,,,,,,,,,,,,,,,,,,,,,,,1682917,1724429,1766485,1809151,1852491,1896569
Latvia,,,,,,,,,,,,,,,,,,,,,,,,,,,,,,,1949000,1954910,1965231,1979138,1995922,2014992
Lebanon,,,,,,,,,,,,,,,,,,,,,,,,,,,,,,,1442826,1466906,1499688,1539212,1583837,1632254
Lesotho,,,,,,,,,,,,,,,,,,,,,,,,,,,,,,,733942,744344,754883,765602,776556,787810
Liberia,,,,,,,,,,,,,,,,,,,,,,,,,,,,,,,911140,925211,940884,958098,976786,996880
Libya,,,,,,,,,,,,,,,,,,,,,,,,,,,,,,,1029010,1035282,1048211,1067811,1093883,1126017
Liechtenstein,,,,,,,,,,,,,,,,,,,,,,,,,,,,,,,13757,13944,14133,14340,14571,14833
Lithuania,,,,,,,,,,,,,,,,,,,,,,,,,,,,,,,2567402,2569619,2578052,2591358,2608493,2628706
Luxembourg,,,,,,,,,,,,,,,,,,,,,,,,,,,,,,,296001,297212,299060,301140,303172,305000
"Macao, China",84000,,,,,,,157000,,,,,,,,,,170000,,,375000,,,,,,,,,,196482,195949,193741,190284,186029,181445
"Macedonia, FYR",,,,,,,,,,,,,,,,,,,,,,,,,,,,,,,1229700,1266781,1297548,1322002,1340508,1353798
Madagascar,,,,,,,,,,,,,,,,,,,,,,,,,,,,,,,4083554,4168939,4258186,4351132,4447673,4547759
Malawi,,1202000,,,,,1293000,,,,,1603000,,,,,,,,,,,,,,2050000,,,,,2880700,2930156,2984164,3041877,3102675,3166157
Malaysia,3545000,3618000,3698000,3779000,3863000,3949000,4038000,4128000,4221000,4316000,4413000,4513000,4604000,4697000,4793000,4890000,4993000,5099000,5207000,5317000,5434000,5554000,5592000,5630000,5668000,5707000,5746000,5786000,5922000,6061000,6109907,6261928,6433126,6618149,6813133,7015713
Maldives,,70000,,,,,,,,,,79000,,,,,,,,,,,,,,,82000,,,,79293,78614,77940,77273,78684,79642
Mali,,,,,,,,,,,,,,,,,,,,,,,,,,,,,,,4637633,4693573,4750451,4808476,4867776,4928400
Malta,,,,,,,,,,,,,,,,,,,,,,,,,,,,,,,311997,312918,313514,313903,314164,314341
Marshall Islands,,,,,,,,,,,,,,,,,,,,,,,,,,,,,,,13000,13218,13432,13621,13774,13893
Martinique,,,,,,,,,,,,,,,,,,,,,,,,,,,,,,,222001,224450,228328,233349,239254,245807
Mauritania,,,,,,,,,,,,,,,,,,,,,,,,,,,,,,,657182,672223,688526,705979,724485,743964
Mauritius,,376000,,,,,,,,,,393000,,,,,,,,,,,,,419000,,,,,,493254,506393,521087,536859,553338,570258
Mayotte,,,,,,,,,,,,,,,,,,,,,,,,,,,,,,,15141,15742,16468,17277,18138,19032
Mexico,14900000,14895000,15129000,15367000,15609000,15854000,16103000,16356000,16613000,16875000,17175000,17480000,17790000,18115000,18445000,18781000,19040000,19370000,19705000,20047000,20393000,20955000,21532000,22125000,22734000,23724000,24413000,25122000,25852000,26603000,27865814,28614984,29465877,30402868,31412046,32481214
"Micronesia, Fed. Sts.",,,,,,,,,,,,,,,,,,,,,,,,,,,,,,,32000,33396,34590,35686,36767,37888
Moldova,,,,,,,,,,,,,,,,,,,,,,,,,,,,,,,2341003,2381454,2432109,2491076,2556587,2626997
Monaco,,,,,,,,,,,,,,,,,,,,,,,,,,,,,,,20000,19868,19846,19933,20121,20396
Mongolia,,,,,,,,,,,,,,,,,,,,,,,,,,,,,,,780200,793846,808494,823840,839736,856184
Montenegro,,,,,,,,,,,,,,,,,,,,,,,,,,,,,,,398539,401735,407165,413925,421324,428881
Montserrat,,12000,,,,,,,,,,,,,,,,,,,,,,,,,14000,,,,13521,14118,14481,14616,14540,14285
Morocco,,,,,,,,,,,,,,,,,,,,,,,,,,,,,,,8953000,9167716,9390159,9623715,9870670,10132210
Mozambique,,,,,,,,,,,,,,,,,,,,,,,,,,,,,,,6442133,6535891,6636035,6742252,6854315,6972081
Myanmar,13096000,13212000,13351000,13491000,13633000,13776000,13921000,14067000,14215000,14364000,14515000,14667000,14870000,15075000,15283000,15494000,15708000,15925000,16145000,16368000,16594000,16824000,,,,,,,,,17157508,17463258,17786203,18127006,18485791,18862149
Namibia,,229000,,,,,,,,,,,,,,,,,,,,,,,,,362000,,,,485274,494611,504551,515039,526036,537519
Nauru,,,,,,,,,,,,,,,,,,,,,,,,,,,,,,,2953,3059,3191,3335,3479,3621
Nepal,,,,,,,,,,,,,,,,,,,,,,,,,,,,,,,8230991,8372203,8512546,8653473,8796252,8941972
Netherlands,6848000,6921000,7032000,7150000,7264000,7366000,7471000,7576000,7679000,7782000,7884000,7999000,8123000,8237000,8341000,8434000,8516000,8599000,8685000,8782000,8879000,8966000,9042000,9103000,9175000,9262000,9424000,9630000,9800000,9956000,10027047,10148830,10275906,10407381,10542570,10680990
Netherlands Antilles,,,,,,,,,,,,,,,,,,,,,,,,,,,,,,,111701,113989,116172,118328,120515,122768
New Caledonia,,,,,,,,,,,,,,,,,,,,,,,,,,,,,,,64824,64289,64453,65162,66293,67745
New Zealand,1241000,1275000,1304000,1326000,1350000,1382000,1412000,1437000,1454000,1471000,1493000,1514000,1527000,1540000,1552000,1562000,1573000,1587000,1604000,1627000,1636000,1629000,1639000,1633000,1654000,1688000,1759000,1797000,1833000,1871000,1908001,1947802,1992618,2040015,2088196,2136002
Ngorno-Karabakh,,,,,,,,,,,,,,,,,,,,,,,,,,,,,,,,,,,,
Nicaragua,754881,754881,766676,766676,778471,778471,790266,790266,790266,802061,802061,813856,813856,825651,837446,861036,884626,908216,920011,955396,978986,990781,1014371,1037961,1061551,1085141,1120526,1155911,1179501,1214886,1294993,1331280,1370643,1413030,1458307,1506256
Niger,,,,,,,,,,,,,,,,,,,,,,,,,,,,,,,2461726,2535752,2609713,2683898,2758676,2834493
Nigeria,,18631000,,,,,,,,,,19158000,,,,,,,,,,,,,,,,,,,37859746,38508635,39203265,39936661,40703560,41500415
Niue,,,,,,,,,,,,,,,,,,,,,,,,,,,,,,,4667,4682,4686,4686,4686,4691
Norfolk Island,,,,,,,,,,,,,,,,,,,,,,,,,,,,,,,,,,,,
Northern Cyprus,,,,,,,,,,,,,,,,,,,,,,,,,,,,,,,,,,,,
Northern Mariana Islands,,,,,,,,,,,,,,,,,,,,,,,,,,,,,,,6999,7089,7222,7417,7685,8026
Norway,2635000,2668000,2695000,2713000,2729000,2747000,2763000,2775000,2785000,2795000,2807000,2824000,2842000,2858000,2874000,2889000,2904000,2919000,2936000,2954000,2973000,2990000,3009000,3032000,3060000,3091000,3127000,3165000,3201000,3234000,3265000,3299431,3332263,3364169,3395643,3427000
Oman,,,,,,,,,,,,,,,,,,,,,,,,,,,,,,,456418,463724,472021,481071,490695,500770
Pakistan,,,,,,,,,,22812000,,,,,,,,,,,,28169000,,,,,32683000,,,,37542380,38147097,38809200,39525185,40292359,41108839
Palau,,,,,,,,,,,,,,,,,,,,,,,,,,,,,,,7441,7497,7620,7797,8013,8259
Panama,487000,489000,491000,493000,495000,497000,499000,502000,504000,506000,515000,527000,543000,559000,576000,592000,608000,623000,640000,656000,697000,720000,773000,795000,784000,791000,788000,804000,822000,838000,860092,881197,903447,926957,951809,978034
Papua New Guinea,,,,,,,,,,,,,,,,,,,,,,,,,,,,,,,1708192,1729258,1750891,1773340,1796820,1821508
Paraguay,699000,715000,732000,749000,767000,785000,803000,822000,841000,860000,880000,901000,922000,944000,966000,988000,1012000,1036000,1061000,1086000,1111000,1137000,1164000,1191000,1219000,1247000,1275000,1305000,1335000,1366000,1473245,1511975,1551186,1591144,1632078,1674172
Peru,4690000,4764000,4838000,4914000,4992000,5070000,5150000,5230000,5312000,5396000,5480000,5569000,5660000,5752000,5846000,5941000,6038000,6137000,6237000,6338000,6440000,6550000,6662000,6776000,6892000,7010000,7130000,7252000,7376000,7502000,7632461,7821202,8020389,8228650,8445110,8669403
Philippines,9337003,9517214,9700907,9888082,10078740,10272880,10469632,10712524,10919723,11221815,11486473,11758965,12039293,12325715,12620842,12922064,13231992,13548884,13871870,14168739,14438620,14714595,14947040,15280473,15572119,15868988,16345197,16835335,17340273,17860882,18396520,19056037,19748049,20465543,21203425,21958518
Pitcairn,,,,,,,,,,,,,,,,,,,,,,,,,,,,,,,130,,,,,143
Poland,23968000,24330000,24935000,25569000,25992000,26425000,26815000,27148000,27509000,27856000,28204000,28615000,29022000,29421000,29771000,30129000,30471000,30791000,31062000,31365000,30021000,,,,,,23959000,23734000,23980000,24410000,24824013,25383633,25919296,26417754,26871945,27280997
Portugal,6029000,6071000,6146000,6223000,6300000,6378000,6457000,6538000,6619000,6701000,6784000,6869000,6954000,7040000,7127000,7216000,7305000,7396000,7488000,7581000,7675000,7757000,7826000,7896000,7967000,8038000,8110000,8183000,8256000,8329000,8416969,8432070,8475340,8534730,8600563,8665530
Puerto Rico,1312000,1336000,1359000,1383000,1407000,1431000,1455000,1478000,1502000,1526000,1552000,1584000,1615000,1647000,1679000,1710000,1743000,1777000,1810000,1844000,1880000,1935000,1987000,2033000,2062000,2099000,2141000,2162000,2187000,2197000,2218000,2210078,2212854,2222120,2234847,2249173
Qatar,,,,,,,,,,,,,,,,,,,,,,,,,,,,,,,24998,27461,29819,31995,33966,35767
Reunion,,,,,,,,,,,,,,,,,,,,,,,,,,,,,,,248111,259237,268374,276361,283870,291400
Romania,12340000,12479000,12666000,12843000,13020000,13209000,13399000,13574000,13760000,13952000,14141000,14355000,14554000,14730000,14924000,15069000,15256000,15434000,15601000,15751000,15907000,15774000,15839000,15840000,15946000,15929000,15971000,15849000,15893000,16084000,16310998,16607889,16856828,17077384,17284001,17485998
Russia,,,,,,,,,,,,,,,,,,,,,,,,,,,,,,,102702461,104248118,105950299,107743349,109574025,111401500
Rwanda,,,,,,,,,,,,,,,,,,,,,,,,,,,,,,,2072195,2128012,2187504,2250407,2316489,2385553
Saint Barthélemy,,,,,,,,,,,,,,,,,,,,,,,,,,,,,,,,,,,,
Saint Helena,,3700,,,,,,,,,,4200,,,,,,,,,,,,,,,5000,,,,4972,5005,5009,4992,4963,4928
Saint Kitts and Nevis,,,,,,,,,,,,,,,,,,,,,,,,,,,,,,,46054,46147,46509,47068,47756,48511
Saint Lucia,,52000,,,,,,,,,,,,,,,,,,,,,,,,,70000,,,,82783,83898,84828,85605,86266,86851
Saint Martin,,,,,,,,,,,,,,,,,,,,,,,,,,,,,,,,,,,,
Saint Vincent and the Grenadines,,44000,,,,,,,,,,48000,,,,,,,,,,,,,,,62000,,,,67000,68065,69265,70587,72014,73520
Saint-Pierre-et-Miquelon,,,,,,,,,,,,,,,,,,,,,,,,,,,,,,,4573,4605,4634,4663,4693,4726
Samoa,,36000,,,,,40000,,,,,,,,,,56000,,,,,,,,,68000,,,,,82102,84177,86410,88813,91390,94141
San Marino,,,,,,,,,,,,,,,,,,,,,,,,,,,,,,,12781,12919,13089,13288,13515,13767
Sao Tome and Principe,,,,,,,,,,,,,,,,,,,,,,,,,,,,,,,60000,59147,58460,58114,58213,58776
Saudi Arabia,,,,,,,,,,,,,,,,,,,,,,,,,,,,,,,3121337,3194590,3274903,3359455,3446429,3535014
Senegal,,,,,,,,,,,,,,,,,,,,,,,,,,,,,,,2416264,2463892,2513702,2566574,2623159,2683866
Serbia,,,,,,,,,,,,,,,,,,,,,,,,,,,,,,,6732256,6839783,6942216,7039281,7130885,7217120
Serbia and Montenegro,,,,,,,,,,,,,,,,,,,,,,,,,,,,,,,7105848,7199471,7273981,7370153,7471053,7576664
Serbia excluding Kosovo,,,,,,,,,,,,,,,,,,,,,,,,,,,,,,,5669381,5740346,5796017,5872523,5953031,6036689
Seychelles,,25000,,,,,,,,,,27000,,,,,,,,,,,,,,,,,,,36322,36891,37451,37978,38459,38899
Sierra Leone,,,,,,,,,,,,,,,,,,,,,,,,,,,,,,,1895409,1920612,1946495,1973170,2000723,2029230
Singapore,391000,418000,436000,458000,469000,492000,511000,532000,553000,575000,596000,563000,580000,515000,525000,572000,603000,651000,710000,728000,751000,769000,,,,,,938000,961000,979000,1022098,1067968,1120282,1178077,1240283,1305726
Slovak Republic,,,,,,,,,,,,,,,,,,,,,,,,,,,,,,,3436574,3494399,3558070,3625562,3695133,3765317
Slovenia,,,,,,,,,,,,,,,,,,,,,,,,,,,,,,,1473094,1485208,1497673,1509949,1521658,1532598
Solomon Islands,,,,,,,,,,,,94000,,,,,,,,,,,,,,,,,,,106647,107978,109424,110989,112677,114495
Somalia,,,,,,,,,,,,,,,,,,,,,,,,,,,,,,,2264081,2313526,2363736,2415015,2467617,2521750
Somaliland,,,,,,,,,,,,,,,,,,,,,,,,,,,,,,,,,,,,
South Africa,,,,,,,,,,,,,,,,,,,,,,,,,,,,,,,13683162,13993912,14322458,14665211,15019719,15384665
South Ossetia,,,,,,,,,,,,,,,,,,,,,,,,,,,,,,,,,,,,
South Sudan,,,,,,,,,,,,,,,,,,,,,,,,,,,,,,,1880222,1919582,1961925,2006745,2053619,2102215
Spain,21232000,21411000,21628000,21847000,22069000,22292000,22518000,22747000,22977000,23210000,23445000,23675000,23897000,24122000,24349000,24579000,24810000,25043000,25279000,25517000,25757000,25979000,26182000,26387000,26594000,26802000,27012000,27223000,27437000,27651000,28069737,28236442,28427994,28637153,28858741,29089637
Sri Lanka,5250000,5304000,5367000,5426000,5452000,5505000,5545000,5591000,5730000,5669000,5707000,5748000,5788000,5825000,5872000,5897000,5943000,5989000,6045000,6095000,6134000,6169000,6191000,6296000,6442000,6650000,6854000,7037000,7244000,7455000,8240623,8362125,8495641,8642543,8803521,8978595
Sudan,,,,,,,,,,,,,,,,,,,,,,,,,,,,,,,7309769,7462786,7627408,7801653,7983886,8172814
Suriname,,,,,,,,,,,,,,,,,,,,,,,,,,,,,,,214999,222649,229598,236273,243001,250004
Svalbard,,,,,,,,,,,,,,,,,,,,,,,,,,,,,,,,,,,,
Swaziland,,113000,,,,,,,,,,,,,,,157000,,,,,,,,,,188000,,,,273000,278951,285333,292178,299488,307229
Sweden,5851973,5904600,5949945,5981646,6017675,6045717,6072116,6093767,6105474,6120967,6130024,6142264,6162895,6187929,6210013,6231741,6250627,6269433,6289126,6315081,6344185,6371448,6407455,6466005,6533699,6604495,6673928,6754885,6829159,6907264,7014001,7076003,7129070,7176203,7219871,7261994
Switzerland,3877000,3876000,3874000,3883000,3896000,3910000,3932000,3956000,3988000,4022000,4051000,4080000,4102000,4122000,4140000,4155000,4168000,4180000,4192000,4206000,4226000,4254000,4286000,4323000,4364000,4412000,4467000,4524000,4582000,4640000,4668088,4726281,4788955,4851983,4912879,4970798
Syria,,,,,,,,,,,,,,,,,,,,,,,,,,,,,,,3413330,3496671,3587333,3685409,3790891,3903672
Taiwan,3736000,3797000,3870000,3940000,4009000,4095000,4195000,4289000,4388000,4493000,4614000,4742000,4867000,4995000,5128000,5255000,5384000,5530000,5678000,5821000,5987000,6163000,6339000,6507000,6520000,6533000,6546000,6346000,6697000,7280000,7981000,8251000,8550000,8850000,9160000,9486000
Tajikistan,,,,,,,,,,,,,,,,,,,,,,,,,,,,,,,1531502,1577037,1626400,1677745,1729928,1782503
Tanzania,,4314332,,,,,,,,,,5299000,,,,,,,,,,,,,,,,,7740786,,7649766,7847333,8055939,8274761,8503222,8740991
Thailand,9802000,10000000,10202000,10435000,10673000,10916000,11165000,11419000,11734000,12058000,12392000,12735000,13087000,13399000,13718000,14045000,14379000,14721000,14980000,15244000,15513000,15787000,16060000,16462000,16868000,17284000,17710000,18148000,18569000,19000000,20607323,21150234,21718195,22312977,22936039,23588546
Timor-Leste,,,,,,,442000,,,,,,,,,461000,,,,,,,,,,,,,,,433398,438379,443630,449210,455164,461526
Togo,,,,,,,,,,,,,,,,,,,,,,,,,,,,,,,1395458,1426130,1442950,1453288,1462655,1474705
Tokelau,,,,,,,,,,,,,,,,,,,,,,,,,,,,,,,1570,1516,1504,1522,1560,1610
Tonga,,25000,,,,,,,,,,29000,,,,,,,,34000,,,,,,,,,,,47220,49311,51173,52785,54156,55326
Transnistria,,,,,,,,,,,,,,,,,,,,,,,,,,,,,,,,,,,,
Trinidad and Tobago,389000,367000,371000,376000,379000,382000,385000,388000,392000,398000,405000,412000,417000,422000,428000,435000,442000,450000,458000,466000,476000,492000,510000,525000,536000,547000,561000,583000,600000,616000,635999,647638,661131,677445,697015,719735
Tunisia,,,,,,,,,,,,,,,,,,,,,,,,,,,,,,,3529608,3596387,3661847,3727072,3792913,3860000
Turkey,,,,13877000,13968000,14059000,14151000,14250000,14476000,14705000,14928000,15174000,15414000,15658000,15906000,16158000,16434000,16725000,17016000,17517000,17821000,18011000,18203000,18396000,18592000,18790000,19235000,19690000,20156000,20634000,21238496,21863880,22519048,23195322,23885803,24585366
Turkmenistan,,,,,,,,,,,,,,,,,,,,,,,,,,,,,,,1211000,1228378,1252660,1282584,1317126,1355501
Turks and Caicos Islands,,5500,,,,,,,,,,,,,,,,,,,,,,6100,,,,,,,5047,4984,4977,5016,5094,5198
Tuvalu,,,,,,,,,,,,,,,,,,,,,,,,,,,,,,,5166,5221,5294,5378,5468,5562
Uganda,,2921000,,,,,,,,,,3554000,,,,,,,,,,,,,,,,,4959000,,5158193,5306689,5453244,5599541,5747415,5898851
Ukraine,,,,,,,,,,,,,,,,,,,,,,,,,,,,,,,37297652,37847653,38410561,38977440,39541651,40098857
United Arab Emirates,,,,,,,,,,,,,,,,,,,,,,,,,,,,,,,69589,67816,69504,72700,76008,78599
United Kingdom,43718000,44072000,44372000,44596000,44915000,45059000,45232000,45389000,45578000,45672000,45866000,46074000,46335000,46520000,46666000,46868000,47081000,47289000,47494000,47991000,48226000,48216000,48400000,48789000,49016000,49182000,49217000,49519000,50014000,50312000,50616012,50631571,50706811,50829901,50991454,51184529
United States,106881000,108964000,110484000,112387000,114558000,116284000,117857000,119502000,120971000,122245000,123668000,124633000,125436000,126180000,126978000,127859000,128681000,129464000,130476000,131539000,132637000,133922000,135386000,137272000,138937000,140474000,141940000,144688000,147203000,149770000,157813040,160024871,162530196,165260027,168152385,171152291
Uruguay,1371000,1402000,1433000,1465000,1498000,1534000,1571000,1608000,1646000,1685000,1713000,1741000,1770000,1799000,1829000,1859000,1889000,1921000,1952000,1944000,1965000,1987000,2010000,2032000,2055000,2081000,2107000,2134000,2160000,2188000,2238506,2261141,2285906,2312737,2341496,2371978
USSR,154607000,152836000,152403000,153055000,155581000,158983000,162621000,166117000,169269000,172017000,174212000,175987000,176807000,177401000,178453000,179636000,181502000,184626000,188498000,192379000,195970000,,,,,,173900000,174000000,175100000,177500000,179570837,182677438,185855870,188960538,192171246,195612673
Uzbekistan,,,,,,,,,,,,,,,,,,,,,,,,,,,,,,,6313997,6461092,6633911,6826552,7034674,7255501
Wallis et Futuna,,,,,,,,,,,,,,,,,,,,,,,,,,,,,,,7002,7088,7238,7420,7611,7795
Vanuatu,,,,,,,,,,,,,,,,,,,,,,,,,,,,,,,47695,48921,50295,51775,53326,54925
Venezuela,2992000,3008000,3025000,3049000,3077000,3114000,3152000,3185000,3221000,3259000,3300000,3336000,3368000,3401000,3431000,3465000,3510000,3565000,3623000,3699000,3784000,3858000,3934000,4020000,4114000,4223000,4347000,4486000,4656000,4843000,5093708,5290182,5504783,5733449,5972956,6220929
West Bank and Gaza,,,360287,,,,,,,,,465384,483666,513691,544820,588286,613124,630160,645526,680171,703338,723889,743058,768008,795069,824913,857472,,,,931926,923749,931889,948727,968566,987629
West Germany,,,,,,,,,,,,,,,,,42208000,,,,,,,,,,,,,,49983000,,,,,
Western Sahara,,,,,,,,,,,,,,,,,,,,,,,,,,,,,,,13766,16066,17591,18754,19877,21197
Vietnam,,,,,,,,,,,,,,,,,,,,,,,,,,,,,,,28264391,28818993,29403860,30017460,30659157,31329210
Virgin Islands (U.S.),,,,,,,,,,,22000,,,,,,,,,,25000,,,,,,,,,,26795,27295,27974,28613,29088,29362
Yemen Arab Republic (Former),,,,,,,,,,,,,,,,,,,,,,,,,,,,,,,,,,,,
Yemen Democratic (Former),,,,,,,,,,,,,,,,,,,,,,,,,,,,,,,,,,,,
"Yemen, Rep.",,,,,,,,,,,,,,,,,,,,,,,,,,,,,,,4316001,4382878,4454322,4529011,4606037,4684895
Yugoslavia,12422000,12607000,12796000,12987000,13180000,13378000,13578000,13780000,13986000,14194000,14407000,14618000,14819000,15022000,15228000,15439000,15651000,15860000,16084000,16305000,16300000,,,,,,,15596000,15817000,16040000,16297531,16519051,16708339,16936955,17151054,17363720
Zambia,,984000,,,,,,,,,,1345000,,,,,,,,,,,,,,,,,,,2340352,2396669,2456377,2519173,2584872,2653413
Zimbabwe,,,,,,,,,,,,,,,,,,,,,,,,,,,,,,,2746854,2830448,2918424,3010186,3105348,3203736
Åland,20423,,,,,,,,,,19705,,,,,,,,,,21196,,,,,,,,,,21690,,,,,
